country,code,new_code,latitude,longitude,indicator_name,year_2009,year_2010,year_2011,year_2012,year_2013,year_2014,year_2015,year_2016,year_2017,year_2018,year_2019
Aruba,ABW,AW,12.52111,-69.968338,firms with female manager,0.0,0.0,0.0,0.0,0.0,0.0,0.0,0.0,0.0,0.0,0.0
Afghanistan,AFG,AF,33.93911,67.709953,firms with female manager,0.0,0.0,0.0,0.0,0.0,4.7,0.0,0.0,0.0,0.0,0.0
Angola,AGO,AO,-11.202691999999999,17.873887,firms with female manager,0.0,13.5,0.0,0.0,0.0,0.0,0.0,0.0,0.0,0.0,0.0
Albania,ALB,AL,41.153332,20.168331,firms with female manager,0.0,0.0,0.0,0.0,12.2,0.0,0.0,0.0,0.0,0.0,18.1
Andorra,AND,AD,42.546245,1.6015540000000001,firms with female manager,0.0,0.0,0.0,0.0,0.0,0.0,0.0,0.0,0.0,0.0,0.0
United Arab Emirates,ARE,AE,23.424076,53.847818000000004,firms with female manager,0.0,0.0,0.0,0.0,0.0,0.0,0.0,0.0,0.0,0.0,0.0
Argentina,ARG,AR,-38.416097,-63.616671999999994,firms with female manager,0.0,9.2,0.0,0.0,0.0,0.0,0.0,0.0,8.0,0.0,0.0
Armenia,ARM,AM,40.069099,45.038189,firms with female manager,13.5,0.0,0.0,0.0,14.1,0.0,0.0,0.0,0.0,0.0,0.0
American Samoa,ASM,AS,-14.270972,-170.132217,firms with female manager,0.0,0.0,0.0,0.0,0.0,0.0,0.0,0.0,0.0,0.0,0.0
Antigua and Barbuda,ATG,AG,17.060816,-61.796428000000006,firms with female manager,0.0,17.5,0.0,0.0,0.0,0.0,0.0,0.0,0.0,0.0,0.0
Australia,AUS,AU,-25.274398,133.775136,firms with female manager,0.0,0.0,0.0,0.0,0.0,0.0,0.0,0.0,0.0,0.0,0.0
Austria,AUT,AT,47.516231,14.550072,firms with female manager,0.0,0.0,0.0,0.0,0.0,0.0,0.0,0.0,0.0,0.0,0.0
Azerbaijan,AZE,AZ,40.143105,47.576927000000005,firms with female manager,4.7,0.0,0.0,0.0,2.6,0.0,0.0,0.0,0.0,0.0,16.5
Burundi,BDI,BI,-3.3730559999999996,29.918885999999997,firms with female manager,0.0,0.0,0.0,0.0,0.0,16.3,0.0,0.0,0.0,0.0,0.0
Belgium,BEL,BE,50.503887,4.469936,firms with female manager,0.0,0.0,0.0,0.0,0.0,0.0,0.0,0.0,0.0,0.0,0.0
Benin,BEN,BJ,9.30769,2.315834,firms with female manager,26.9,0.0,0.0,0.0,0.0,0.0,0.0,25.9,0.0,0.0,0.0
Burkina Faso,BFA,BF,12.238333,-1.561593,firms with female manager,11.3,0.0,0.0,0.0,0.0,0.0,0.0,0.0,0.0,0.0,0.0
Bangladesh,BGD,BD,23.684994,90.35633100000001,firms with female manager,0.0,0.0,0.0,0.0,4.8,0.0,0.0,0.0,0.0,0.0,0.0
Bulgaria,BGR,BG,42.733883,25.48583,firms with female manager,25.7,0.0,0.0,0.0,23.5,0.0,0.0,0.0,0.0,0.0,28.8
Bahrain,BHR,BH,25.930414000000003,50.637772,firms with female manager,0.0,0.0,0.0,0.0,0.0,0.0,0.0,0.0,0.0,0.0,0.0
Bosnia and Herzegovina,BIH,BA,43.915886,17.679076000000002,firms with female manager,13.5,0.0,0.0,0.0,16.6,0.0,0.0,0.0,0.0,0.0,16.6
Belarus,BLR,BY,53.709807,27.953389,firms with female manager,0.0,0.0,0.0,0.0,32.2,0.0,0.0,0.0,0.0,21.1,0.0
Belize,BLZ,BZ,17.189877,-88.49765,firms with female manager,0.0,25.5,0.0,0.0,0.0,0.0,0.0,0.0,0.0,0.0,0.0
Bermuda,BMU,BM,32.321384,-64.75737,firms with female manager,0.0,0.0,0.0,0.0,0.0,0.0,0.0,0.0,0.0,0.0,0.0
Bolivia,BOL,BO,-16.290154,-63.588653,firms with female manager,0.0,21.7,0.0,0.0,0.0,0.0,0.0,0.0,26.3,0.0,0.0
Brazil,BRA,BR,-14.235004,-51.92528,firms with female manager,19.4,0.0,0.0,0.0,0.0,0.0,0.0,0.0,0.0,0.0,0.0
Barbados,BRB,BB,13.193887,-59.543198,firms with female manager,0.0,25.4,0.0,0.0,0.0,0.0,0.0,0.0,0.0,0.0,0.0
Bhutan,BTN,BT,27.514162,90.433601,firms with female manager,0.0,0.0,0.0,0.0,0.0,0.0,26.3,0.0,0.0,0.0,0.0
Botswana,BWA,BW,-22.328474,24.684866,firms with female manager,0.0,16.5,0.0,0.0,0.0,0.0,0.0,0.0,0.0,0.0,0.0
Central African Republic,CAF,CF,6.611111,20.939444,firms with female manager,0.0,0.0,12.1,0.0,0.0,0.0,0.0,0.0,0.0,0.0,0.0
Canada,CAN,CA,56.130366,-106.34677099999999,firms with female manager,0.0,0.0,0.0,0.0,0.0,0.0,0.0,0.0,0.0,0.0,0.0
Switzerland,CHE,CH,46.818188,8.227511999999999,firms with female manager,0.0,0.0,0.0,0.0,0.0,0.0,0.0,0.0,0.0,0.0,0.0
Chile,CHL,CL,-35.675146999999996,-71.542969,firms with female manager,0.0,4.5,0.0,0.0,0.0,0.0,0.0,0.0,0.0,0.0,0.0
China,CHN,CN,35.86166,104.195397,firms with female manager,0.0,0.0,0.0,17.5,0.0,0.0,0.0,0.0,0.0,0.0,0.0
Cameroon,CMR,CM,7.369722,12.354722,firms with female manager,10.0,0.0,0.0,0.0,0.0,0.0,0.0,22.9,0.0,0.0,0.0
Colombia,COL,CO,4.570868,-74.297333,firms with female manager,0.0,12.1,0.0,0.0,0.0,0.0,0.0,0.0,18.9,0.0,0.0
Comoros,COM,KM,-11.875001,43.872219,firms with female manager,0.0,0.0,0.0,0.0,0.0,0.0,0.0,0.0,0.0,0.0,0.0
Costa Rica,CRI,CR,9.748917,-83.753428,firms with female manager,0.0,15.4,0.0,0.0,0.0,0.0,0.0,0.0,0.0,0.0,0.0
Cuba,CUB,CU,21.521757,-77.78116700000001,firms with female manager,0.0,0.0,0.0,0.0,0.0,0.0,0.0,0.0,0.0,0.0,0.0
Cayman Islands,CYM,KY,19.513469,-80.566956,firms with female manager,0.0,0.0,0.0,0.0,0.0,0.0,0.0,0.0,0.0,0.0,0.0
Cyprus,CYP,CY,35.126413,33.429859,firms with female manager,0.0,0.0,0.0,0.0,0.0,0.0,0.0,0.0,0.0,0.0,8.2
Czech Republic,CZE,CZ,49.817492,15.472961999999999,firms with female manager,18.4,0.0,0.0,0.0,11.3,0.0,0.0,0.0,0.0,0.0,16.1
Germany,DEU,DE,51.165690999999995,10.451526,firms with female manager,0.0,0.0,0.0,0.0,0.0,0.0,0.0,0.0,0.0,0.0,0.0
Djibouti,DJI,DJ,11.825138,42.590275,firms with female manager,0.0,0.0,0.0,0.0,14.2,0.0,0.0,0.0,0.0,0.0,0.0
Dominica,DMA,DM,15.414999,-61.370976,firms with female manager,0.0,23.6,0.0,0.0,0.0,0.0,0.0,0.0,0.0,0.0,0.0
Denmark,DNK,DK,56.26392,9.501785,firms with female manager,0.0,0.0,0.0,0.0,0.0,0.0,0.0,0.0,0.0,0.0,0.0
Dominican Republic,DOM,DO,18.735692999999998,-70.162651,firms with female manager,0.0,11.0,0.0,0.0,0.0,0.0,0.0,21.2,0.0,0.0,0.0
Algeria,DZA,DZ,28.033886,1.6596259999999998,firms with female manager,0.0,0.0,0.0,0.0,0.0,0.0,0.0,0.0,0.0,0.0,0.0
Ecuador,ECU,EC,-1.8312389999999998,-78.183406,firms with female manager,0.0,17.0,0.0,0.0,0.0,0.0,0.0,0.0,22.9,0.0,0.0
Eritrea,ERI,ER,15.179383999999999,39.782334000000006,firms with female manager,7.6,0.0,0.0,0.0,0.0,0.0,0.0,0.0,0.0,0.0,0.0
Spain,ESP,ES,40.463667,-3.7492199999999998,firms with female manager,0.0,0.0,0.0,0.0,0.0,0.0,0.0,0.0,0.0,0.0,0.0
Estonia,EST,EE,58.595271999999994,25.013607,firms with female manager,25.8,0.0,0.0,0.0,27.6,0.0,0.0,0.0,0.0,0.0,22.5
Ethiopia,ETH,ET,9.145,40.489672999999996,firms with female manager,0.0,0.0,13.6,0.0,0.0,0.0,4.5,0.0,0.0,0.0,0.0
Finland,FIN,FI,61.92411,25.748151,firms with female manager,0.0,0.0,0.0,0.0,0.0,0.0,0.0,0.0,0.0,0.0,0.0
Fiji,FJI,FJ,-16.578193,179.414413,firms with female manager,0.0,0.0,0.0,0.0,0.0,0.0,0.0,0.0,0.0,0.0,0.0
France,FRA,FR,46.227638,2.213749,firms with female manager,0.0,0.0,0.0,0.0,0.0,0.0,0.0,0.0,0.0,0.0,0.0
Faroe Islands,FRO,FO,61.892635,-6.9118059999999995,firms with female manager,0.0,0.0,0.0,0.0,0.0,0.0,0.0,0.0,0.0,0.0,0.0
Gabon,GAB,GA,-0.803689,11.609444,firms with female manager,11.5,0.0,0.0,0.0,0.0,0.0,0.0,0.0,0.0,0.0,0.0
United Kingdom,GBR,GB,55.378051,-3.435973,firms with female manager,0.0,0.0,0.0,0.0,0.0,0.0,0.0,0.0,0.0,0.0,0.0
Georgia,GEO,GE,42.315407,43.356891999999995,firms with female manager,0.0,0.0,0.0,0.0,32.7,0.0,0.0,0.0,0.0,0.0,16.5
Ghana,GHA,GH,7.946527000000001,-1.0231940000000002,firms with female manager,0.0,0.0,0.0,0.0,14.9,0.0,0.0,0.0,0.0,0.0,0.0
Gibraltar,GIB,GI,36.137741,-5.345374,firms with female manager,0.0,0.0,0.0,0.0,0.0,0.0,0.0,0.0,0.0,0.0,0.0
Guinea,GIN,GN,9.945587,-9.696645,firms with female manager,0.0,0.0,0.0,0.0,0.0,0.0,0.0,5.8,0.0,0.0,0.0
Guinea-Bissau,GNB,GW,11.803749,-15.180413,firms with female manager,0.0,0.0,0.0,0.0,0.0,0.0,0.0,0.0,0.0,0.0,0.0
Equatorial Guinea,GNQ,GQ,1.6508009999999997,10.267895,firms with female manager,0.0,0.0,0.0,0.0,0.0,0.0,0.0,0.0,0.0,0.0,0.0
Greece,GRC,GR,39.074208,21.824312,firms with female manager,0.0,0.0,0.0,0.0,0.0,0.0,0.0,0.0,0.0,17.2,0.0
Grenada,GRD,GD,12.262775999999999,-61.604170999999994,firms with female manager,0.0,24.0,0.0,0.0,0.0,0.0,0.0,0.0,0.0,0.0,0.0
Greenland,GRL,GL,71.706936,-42.604303,firms with female manager,0.0,0.0,0.0,0.0,0.0,0.0,0.0,0.0,0.0,0.0,0.0
Guatemala,GTM,GT,15.783470999999999,-90.23075899999999,firms with female manager,0.0,15.7,0.0,0.0,0.0,0.0,0.0,0.0,18.5,0.0,0.0
Guam,GUM,GU,13.444304,144.793731,firms with female manager,0.0,0.0,0.0,0.0,0.0,0.0,0.0,0.0,0.0,0.0,0.0
Guyana,GUY,GY,4.860416000000001,-58.93018000000001,firms with female manager,0.0,17.7,0.0,0.0,0.0,0.0,0.0,0.0,0.0,0.0,0.0
Honduras,HND,HN,15.199998999999998,-86.241905,firms with female manager,0.0,31.7,0.0,0.0,0.0,0.0,0.0,28.0,0.0,0.0,0.0
Croatia,HRV,HR,45.1,15.2,firms with female manager,0.0,0.0,0.0,0.0,20.1,0.0,0.0,0.0,0.0,0.0,27.0
Haiti,HTI,HT,18.971187,-72.28521500000001,firms with female manager,0.0,0.0,0.0,0.0,0.0,0.0,0.0,0.0,0.0,0.0,0.0
Hungary,HUN,HU,47.162494,19.503304,firms with female manager,13.8,0.0,0.0,0.0,20.7,0.0,0.0,0.0,0.0,0.0,22.1
Indonesia,IDN,ID,-0.789275,113.921327,firms with female manager,31.2,0.0,0.0,0.0,0.0,0.0,22.1,0.0,0.0,0.0,0.0
Isle of Man,IMN,IM,54.236107,-4.548056,firms with female manager,0.0,0.0,0.0,0.0,0.0,0.0,0.0,0.0,0.0,0.0,0.0
India,IND,IN,20.593684,78.96288,firms with female manager,0.0,0.0,0.0,0.0,0.0,8.9,0.0,0.0,0.0,0.0,0.0
Ireland,IRL,IE,53.41291,-8.243889999999999,firms with female manager,0.0,0.0,0.0,0.0,0.0,0.0,0.0,0.0,0.0,0.0,0.0
Iraq,IRQ,IQ,33.223191,43.679291,firms with female manager,0.0,0.0,2.3,0.0,0.0,0.0,0.0,0.0,0.0,0.0,0.0
Iceland,ISL,IS,64.96305100000001,-19.020835,firms with female manager,0.0,0.0,0.0,0.0,0.0,0.0,0.0,0.0,0.0,0.0,0.0
Israel,ISR,IL,31.046051000000002,34.851612,firms with female manager,0.0,0.0,0.0,0.0,10.1,0.0,0.0,0.0,0.0,0.0,0.0
Italy,ITA,IT,41.87194,12.56738,firms with female manager,0.0,0.0,0.0,0.0,0.0,0.0,0.0,0.0,0.0,0.0,15.3
Jamaica,JAM,JM,18.109581,-77.297508,firms with female manager,0.0,24.1,0.0,0.0,0.0,0.0,0.0,0.0,0.0,0.0,0.0
Jordan,JOR,JO,30.585164000000002,36.238414,firms with female manager,0.0,0.0,0.0,0.0,2.4,0.0,0.0,0.0,0.0,0.0,3.1
Japan,JPN,JP,36.204824,138.252924,firms with female manager,0.0,0.0,0.0,0.0,0.0,0.0,0.0,0.0,0.0,0.0,0.0
Kazakhstan,KAZ,KZ,48.019573,66.923684,firms with female manager,24.7,0.0,0.0,0.0,19.4,0.0,0.0,0.0,0.0,0.0,26.0
Kenya,KEN,KE,-0.023559,37.906193,firms with female manager,0.0,0.0,0.0,0.0,13.4,0.0,0.0,0.0,0.0,18.1,0.0
Cambodia,KHM,KH,12.565679,104.990963,firms with female manager,0.0,0.0,0.0,0.0,0.0,0.0,0.0,57.3,0.0,0.0,0.0
Kiribati,KIR,KI,-3.3704169999999998,-168.734039,firms with female manager,0.0,0.0,0.0,0.0,0.0,0.0,0.0,0.0,0.0,0.0,0.0
Kuwait,KWT,KW,29.311659999999996,47.481766,firms with female manager,0.0,0.0,0.0,0.0,0.0,0.0,0.0,0.0,0.0,0.0,0.0
Lebanon,LBN,LB,33.854721000000005,35.862285,firms with female manager,29.1,0.0,0.0,0.0,4.4,0.0,0.0,0.0,0.0,0.0,5.9
Liberia,LBR,LR,6.4280550000000005,-9.429499,firms with female manager,29.9,0.0,0.0,0.0,0.0,0.0,0.0,0.0,20.4,0.0,0.0
Libya,LBY,LY,26.3351,17.228331,firms with female manager,0.0,0.0,0.0,0.0,0.0,0.0,0.0,0.0,0.0,0.0,0.0
Liechtenstein,LIE,LI,47.166000000000004,9.555373,firms with female manager,0.0,0.0,0.0,0.0,0.0,0.0,0.0,0.0,0.0,0.0,0.0
Sri Lanka,LKA,LK,7.873054,80.77179699999999,firms with female manager,0.0,0.0,8.8,0.0,0.0,0.0,0.0,0.0,0.0,0.0,0.0
Lesotho,LSO,LS,-29.609988,28.233608,firms with female manager,21.6,0.0,0.0,0.0,0.0,0.0,0.0,36.2,0.0,0.0,0.0
Lithuania,LTU,LT,55.169438,23.881275,firms with female manager,15.1,0.0,0.0,0.0,22.0,0.0,0.0,0.0,0.0,0.0,30.7
Luxembourg,LUX,LU,49.815273,6.129583,firms with female manager,0.0,0.0,0.0,0.0,0.0,0.0,0.0,0.0,0.0,0.0,0.0
Latvia,LVA,LV,56.879635,24.603189,firms with female manager,31.3,0.0,0.0,0.0,33.9,0.0,0.0,0.0,0.0,0.0,32.6
Morocco,MAR,MA,31.791702,-7.09262,firms with female manager,0.0,0.0,0.0,0.0,4.3,0.0,0.0,0.0,0.0,0.0,5.4
Monaco,MCO,MC,43.750298,7.412841,firms with female manager,0.0,0.0,0.0,0.0,0.0,0.0,0.0,0.0,0.0,0.0,0.0
Moldova,MDA,MD,47.411631,28.369884999999996,firms with female manager,20.6,0.0,0.0,0.0,22.4,0.0,0.0,0.0,0.0,0.0,18.6
Madagascar,MDG,MG,-18.766947000000002,46.869107,firms with female manager,0.0,0.0,0.0,0.0,28.2,0.0,0.0,0.0,0.0,0.0,0.0
Maldives,MDV,MV,3.202778,73.22068,firms with female manager,0.0,0.0,0.0,0.0,0.0,0.0,0.0,0.0,0.0,0.0,0.0
Mexico,MEX,MX,23.634501,-102.552784,firms with female manager,0.0,14.6,0.0,0.0,0.0,0.0,0.0,0.0,0.0,0.0,0.0
Marshall Islands,MHL,MH,7.131474000000001,171.184478,firms with female manager,0.0,0.0,0.0,0.0,0.0,0.0,0.0,0.0,0.0,0.0,0.0
Mali,MLI,ML,17.570692,-3.9961660000000006,firms with female manager,0.0,21.0,0.0,0.0,0.0,0.0,0.0,11.6,0.0,0.0,0.0
Malta,MLT,MT,35.937496,14.375416,firms with female manager,0.0,0.0,0.0,0.0,0.0,0.0,0.0,0.0,0.0,0.0,11.3
Montenegro,MNE,ME,42.708678000000006,19.37439,firms with female manager,24.5,0.0,0.0,0.0,19.2,0.0,0.0,0.0,0.0,0.0,15.0
Mongolia,MNG,MN,46.862496,103.84665600000001,firms with female manager,36.4,0.0,0.0,0.0,31.0,0.0,0.0,0.0,0.0,0.0,38.9
Northern Mariana Islands,MNP,MP,17.33083,145.38468999999998,firms with female manager,0.0,0.0,0.0,0.0,0.0,0.0,0.0,0.0,0.0,0.0,0.0
Mozambique,MOZ,MZ,-18.665695,35.529562,firms with female manager,0.0,0.0,0.0,0.0,0.0,0.0,0.0,0.0,0.0,15.6,0.0
Mauritania,MRT,MR,21.00789,-10.940835,firms with female manager,0.0,0.0,0.0,0.0,0.0,4.5,0.0,0.0,0.0,0.0,0.0
Mauritius,MUS,MU,-20.348404000000002,57.552152,firms with female manager,0.0,0.0,0.0,0.0,0.0,0.0,0.0,0.0,0.0,0.0,0.0
Malawi,MWI,MW,-13.254307999999998,34.301525,firms with female manager,15.6,0.0,0.0,0.0,0.0,14.2,0.0,0.0,0.0,0.0,0.0
Malaysia,MYS,MY,4.210483999999999,101.97576600000001,firms with female manager,0.0,0.0,0.0,0.0,0.0,0.0,26.3,0.0,0.0,0.0,0.0
New Caledonia,NCL,NC,-20.904304999999997,165.618042,firms with female manager,0.0,0.0,0.0,0.0,0.0,0.0,0.0,0.0,0.0,0.0,0.0
Niger,NER,NE,17.607789,8.081666,firms with female manager,11.3,0.0,0.0,0.0,0.0,0.0,0.0,0.0,10.6,0.0,0.0
Nigeria,NGA,NG,9.081999,8.675277000000001,firms with female manager,0.0,0.0,0.0,0.0,0.0,13.9,0.0,0.0,0.0,0.0,0.0
Nicaragua,NIC,NI,12.865416,-85.207229,firms with female manager,0.0,32.3,0.0,0.0,0.0,0.0,0.0,27.0,0.0,0.0,0.0
Netherlands,NLD,NL,52.132633,5.291266,firms with female manager,0.0,0.0,0.0,0.0,0.0,0.0,0.0,0.0,0.0,0.0,0.0
Norway,NOR,NO,60.472024,8.468946,firms with female manager,0.0,0.0,0.0,0.0,0.0,0.0,0.0,0.0,0.0,0.0,0.0
Nepal,NPL,NP,28.394857000000002,84.12400799999999,firms with female manager,13.4,0.0,0.0,0.0,17.2,0.0,0.0,0.0,0.0,0.0,0.0
Nauru,NRU,NR,-0.522778,166.931503,firms with female manager,0.0,0.0,0.0,0.0,0.0,0.0,0.0,0.0,0.0,0.0,0.0
New Zealand,NZL,NZ,-40.900557,174.88597099999998,firms with female manager,0.0,0.0,0.0,0.0,0.0,0.0,0.0,0.0,0.0,0.0,0.0
Oman,OMN,OM,21.512583,55.923255000000005,firms with female manager,0.0,0.0,0.0,0.0,0.0,0.0,0.0,0.0,0.0,0.0,0.0
Pakistan,PAK,PK,30.375321000000003,69.345116,firms with female manager,0.0,0.0,0.0,0.0,6.0,0.0,0.0,0.0,0.0,0.0,0.0
Panama,PAN,PA,8.537981,-80.782127,firms with female manager,0.0,23.5,0.0,0.0,0.0,0.0,0.0,0.0,0.0,0.0,0.0
Peru,PER,PE,-9.189967,-75.015152,firms with female manager,0.0,14.1,0.0,0.0,0.0,0.0,0.0,0.0,19.9,0.0,0.0
Philippines,PHL,PH,12.879721,121.77401699999999,firms with female manager,32.7,0.0,0.0,0.0,0.0,0.0,29.9,0.0,0.0,0.0,0.0
Palau,PLW,PW,7.51498,134.58252,firms with female manager,0.0,0.0,0.0,0.0,0.0,0.0,0.0,0.0,0.0,0.0,0.0
Papua New Guinea,PNG,PG,-6.314993,143.95555,firms with female manager,0.0,0.0,0.0,0.0,0.0,0.0,13.8,0.0,0.0,0.0,0.0
Poland,POL,PL,51.919438,19.145135999999997,firms with female manager,31.1,0.0,0.0,0.0,20.4,0.0,0.0,0.0,0.0,0.0,27.8
Puerto Rico,PRI,PR,18.220833,-66.590149,firms with female manager,0.0,0.0,0.0,0.0,0.0,0.0,0.0,0.0,0.0,0.0,0.0
Portugal,PRT,PT,39.399871999999995,-8.224454,firms with female manager,0.0,0.0,0.0,0.0,0.0,0.0,0.0,0.0,0.0,0.0,14.0
Paraguay,PRY,PY,-23.442503,-58.44383199999999,firms with female manager,0.0,22.8,0.0,0.0,0.0,0.0,0.0,0.0,19.6,0.0,0.0
French Polynesia,PYF,PF,-17.679742,-149.40684299999998,firms with female manager,0.0,0.0,0.0,0.0,0.0,0.0,0.0,0.0,0.0,0.0,0.0
Qatar,QAT,QA,25.354826,51.183884,firms with female manager,0.0,0.0,0.0,0.0,0.0,0.0,0.0,0.0,0.0,0.0,0.0
Romania,ROU,RO,45.943160999999996,24.96676,firms with female manager,24.7,0.0,0.0,0.0,18.3,0.0,0.0,0.0,0.0,0.0,17.2
Rwanda,RWA,RW,-1.940278,29.873888,firms with female manager,0.0,0.0,19.7,0.0,0.0,0.0,0.0,0.0,0.0,0.0,21.8
Saudi Arabia,SAU,SA,23.885942,45.079162,firms with female manager,0.0,0.0,0.0,0.0,0.0,0.0,0.0,0.0,0.0,0.0,0.0
Sudan,SDN,SD,12.862807,30.217636,firms with female manager,0.0,0.0,0.0,0.0,0.0,3.4,0.0,0.0,0.0,0.0,0.0
Senegal,SEN,SN,14.497401000000002,-14.452361999999999,firms with female manager,0.0,0.0,0.0,0.0,0.0,14.1,0.0,0.0,0.0,0.0,0.0
Singapore,SGP,SG,1.352083,103.819836,firms with female manager,0.0,0.0,0.0,0.0,0.0,0.0,0.0,0.0,0.0,0.0,0.0
Solomon Islands,SLB,SB,-9.645710000000001,160.156194,firms with female manager,0.0,0.0,0.0,0.0,0.0,0.0,22.6,0.0,0.0,0.0,0.0
Sierra Leone,SLE,SL,8.460555000000001,-11.779889,firms with female manager,7.1,0.0,0.0,0.0,0.0,0.0,0.0,0.0,15.9,0.0,0.0
El Salvador,SLV,SV,13.794185,-88.89653,firms with female manager,0.0,21.4,0.0,0.0,0.0,0.0,0.0,28.0,0.0,0.0,0.0
San Marino,SMR,SM,43.94236,12.457777,firms with female manager,0.0,0.0,0.0,0.0,0.0,0.0,0.0,0.0,0.0,0.0,0.0
Somalia,SOM,SO,5.152149,46.199616,firms with female manager,0.0,0.0,0.0,0.0,0.0,0.0,0.0,0.0,0.0,0.0,0.0
Serbia,SRB,RS,44.016521000000004,21.005859,firms with female manager,15.9,0.0,0.0,0.0,15.3,0.0,0.0,0.0,0.0,0.0,18.2
Suriname,SUR,SR,3.9193050000000005,-56.02778299999999,firms with female manager,0.0,15.0,0.0,0.0,0.0,0.0,0.0,0.0,0.0,11.9,0.0
Slovenia,SVN,SI,46.151241,14.995463,firms with female manager,15.9,0.0,0.0,0.0,21.9,0.0,0.0,0.0,0.0,0.0,18.8
Sweden,SWE,SE,60.128161,18.643501,firms with female manager,0.0,0.0,0.0,0.0,0.0,12.5,0.0,0.0,0.0,0.0,0.0
Seychelles,SYC,SC,-4.679574,55.491977,firms with female manager,0.0,0.0,0.0,0.0,0.0,0.0,0.0,0.0,0.0,0.0,0.0
Turks and Caicos Islands,TCA,TC,21.694025,-71.797928,firms with female manager,0.0,0.0,0.0,0.0,0.0,0.0,0.0,0.0,0.0,0.0,0.0
Chad,TCD,TD,15.454166,18.732207,firms with female manager,6.8,0.0,0.0,0.0,0.0,0.0,0.0,0.0,0.0,12.0,0.0
Togo,TGO,TG,8.619543,0.824782,firms with female manager,15.1,0.0,0.0,0.0,0.0,0.0,0.0,11.4,0.0,0.0,0.0
Thailand,THA,TH,15.870032,100.992541,firms with female manager,0.0,0.0,0.0,0.0,0.0,0.0,0.0,64.8,0.0,0.0,0.0
Tajikistan,TJK,TJ,38.861034000000004,71.276093,firms with female manager,0.0,0.0,0.0,0.0,9.1,0.0,0.0,0.0,0.0,0.0,6.6
Turkmenistan,TKM,TM,38.969719,59.556278000000006,firms with female manager,0.0,0.0,0.0,0.0,0.0,0.0,0.0,0.0,0.0,0.0,0.0
Timor-Leste,TLS,TL,-8.874217,125.727539,firms with female manager,0.0,0.0,0.0,0.0,0.0,0.0,27.0,0.0,0.0,0.0,0.0
Tonga,TON,TO,-21.178986,-175.198242,firms with female manager,0.0,0.0,0.0,0.0,0.0,0.0,0.0,0.0,0.0,0.0,0.0
Trinidad and Tobago,TTO,TT,10.691803,-61.222503,firms with female manager,0.0,20.8,0.0,0.0,0.0,0.0,0.0,0.0,0.0,0.0,0.0
Tunisia,TUN,TN,33.886917,9.537499,firms with female manager,0.0,0.0,0.0,0.0,8.5,0.0,0.0,0.0,0.0,0.0,0.0
Turkey,TUR,TR,38.963745,35.243322,firms with female manager,0.0,0.0,0.0,0.0,5.5,0.0,0.0,0.0,0.0,0.0,3.9
Tuvalu,TUV,TV,-7.109535,177.64933,firms with female manager,0.0,0.0,0.0,0.0,0.0,0.0,0.0,0.0,0.0,0.0,0.0
Tanzania,TZA,TZ,-6.369028,34.888822,firms with female manager,0.0,0.0,0.0,0.0,14.0,0.0,0.0,0.0,0.0,0.0,0.0
Uganda,UGA,UG,1.373333,32.290275,firms with female manager,0.0,0.0,0.0,0.0,15.4,0.0,0.0,0.0,0.0,0.0,0.0
Ukraine,UKR,UA,48.379433,31.16558,firms with female manager,0.0,0.0,0.0,0.0,20.9,0.0,0.0,0.0,0.0,0.0,17.7
Uruguay,URY,UY,-32.522779,-55.765834999999996,firms with female manager,0.0,19.4,0.0,0.0,0.0,0.0,0.0,0.0,10.6,0.0,0.0
United States,USA,US,37.09024,-95.712891,firms with female manager,0.0,0.0,0.0,0.0,0.0,0.0,0.0,0.0,0.0,0.0,0.0
Uzbekistan,UZB,UZ,41.377491,64.585262,firms with female manager,0.0,0.0,0.0,0.0,14.9,0.0,0.0,0.0,0.0,0.0,12.4
British Virgin Islands,VGB,VG,18.420695000000002,-64.63996800000001,firms with female manager,0.0,0.0,0.0,0.0,0.0,0.0,0.0,0.0,0.0,0.0,0.0
Vietnam,VNM,VN,14.058323999999999,108.277199,firms with female manager,26.4,0.0,0.0,0.0,0.0,0.0,22.4,0.0,0.0,0.0,0.0
Vanuatu,VUT,VU,-15.376706,166.959158,firms with female manager,0.0,0.0,0.0,0.0,0.0,0.0,0.0,0.0,0.0,0.0,0.0
Samoa,WSM,WS,-13.759029,-172.10462900000002,firms with female manager,0.0,0.0,0.0,0.0,0.0,0.0,0.0,0.0,0.0,0.0,0.0
Kosovo,XKX,XK,42.602636,20.902977,firms with female manager,0.3,0.0,0.0,0.0,9.3,0.0,0.0,0.0,0.0,0.0,2.7
South Africa,ZAF,ZA,-30.559482,22.937506,firms with female manager,0.0,0.0,0.0,0.0,0.0,0.0,0.0,0.0,0.0,0.0,0.0
Zambia,ZMB,ZM,-13.133897,27.849332,firms with female manager,0.0,0.0,0.0,0.0,22.5,0.0,0.0,0.0,0.0,0.0,12.9
Zimbabwe,ZWE,ZW,-19.015438,29.154857,firms with female manager,0.0,0.0,17.4,0.0,0.0,0.0,0.0,16.3,0.0,0.0,0.0
Aruba,ABW,AW,12.52111,-69.968338,labor force participation rate,0.0,0.0,0.0,0.0,0.0,0.0,0.0,0.0,0.0,0.0,0.0
Afghanistan,AFG,AF,33.93911,67.709953,labor force participation rate,14.93799973,14.93500042,15.33899975,15.85000038,16.76499939,17.73500061,18.76000023,19.84000015,20.97299957,21.41600037,21.59499931
Angola,AGO,AO,-11.202691999999999,17.873887,labor force participation rate,75.69599915,75.76699829,75.85099792,75.91000366,75.97100067,76.01899719,76.06500244,76.10800171,76.12999725,76.14199829,76.13600159
Albania,ALB,AL,41.153332,20.168331,labor force participation rate,45.0019989,45.76100159,46.51499939,47.37099838,43.31100082,43.29700089,46.10200119,46.45100021,46.79499817,46.79899979,46.712001799999996
Andorra,AND,AD,42.546245,1.6015540000000001,labor force participation rate,0.0,0.0,0.0,0.0,0.0,0.0,0.0,0.0,0.0,0.0,0.0
United Arab Emirates,ARE,AE,23.424076,53.847818000000004,labor force participation rate,42.712001799999996,44.25099945,45.36500168,46.55500031,47.83499908,49.19599915,50.58800125,51.41600037,52.5320015,52.35200119,52.39099884
Argentina,ARG,AR,-38.416097,-63.616671999999994,labor force participation rate,48.96300125,47.95199966,48.22800064,48.32400131,47.94200134,47.31800079,48.01599884,48.69900131,49.36999893,50.8219986,50.72100067
Armenia,ARM,AM,40.069099,45.038189,labor force participation rate,45.86299896,47.22999954,49.74599838,50.12200165,50.4679985,49.8030014,49.03300095,47.29499817,47.14400101,47.09000015,47.07400131
American Samoa,ASM,AS,-14.270972,-170.132217,labor force participation rate,0.0,0.0,0.0,0.0,0.0,0.0,0.0,0.0,0.0,0.0,0.0
Antigua and Barbuda,ATG,AG,17.060816,-61.796428000000006,labor force participation rate,0.0,0.0,0.0,0.0,0.0,0.0,0.0,0.0,0.0,0.0,0.0
Australia,AUS,AU,-25.274398,133.775136,labor force participation rate,58.87900162,58.77299881,59.02899933,58.91199875,58.80400085,58.75500107,59.18500137,59.35300064,59.78900146,60.38399887,60.29999924
Austria,AUT,AT,47.516231,14.550072,labor force participation rate,53.3730011,53.50699997,53.8390007,54.33599854,54.59899902,54.56200027,54.5359993,55.00999832,55.00299835,55.04600143,55.05899811
Azerbaijan,AZE,AZ,40.143105,47.576927000000005,labor force participation rate,59.61700058,60.22299957,60.81200027,61.10200119,61.32099915,61.92200089,62.51699829,62.97999954,63.29800034,63.6590004,63.4109993
Burundi,BDI,BI,-3.3730559999999996,29.918885999999997,labor force participation rate,80.34100342,80.16300201,80.02300262,79.92800140000001,79.84899902,79.7480011,80.02500153,80.23699951,80.38500214,80.47200012,80.43399811
Belgium,BEL,BE,50.503887,4.469936,labor force participation rate,46.74599838,47.48899841,46.80500031,46.88899994,47.59400177,48.01100159,48.02399826,47.76599884,47.89199829,48.65499878,48.60800171
Benin,BEN,BJ,9.30769,2.315834,labor force participation rate,68.93399811,69.22399902,68.08899689,68.14199829,68.19499969,68.26300049,68.36399841,68.45099640000001,68.54399872,68.64099884,68.80799866
Burkina Faso,BFA,BF,12.238333,-1.561593,labor force participation rate,60.0929985,59.7179985,59.3409996,58.97100067,58.60699844,58.24900055,58.31200027,58.36000061,58.4090004,58.45999908,58.30799866
Bangladesh,BGD,BD,23.684994,90.35633100000001,labor force participation rate,29.35700035,29.85300064,30.34300041,30.8390007,31.34300041,31.85400009,32.37099838,32.88199997,35.86000061,36.10100174,36.25999832
Bulgaria,BGR,BG,42.733883,25.48583,labor force participation rate,48.08499908,47.69400024,47.21500015,47.82500076,48.52899933,48.63000107,48.63499832,47.75400162,49.60699844,49.33499908,49.23899841
Bahrain,BHR,BH,25.930414000000003,50.637772,labor force participation rate,42.60400009,43.76300049,43.00500107,43.20299911,43.40499878,43.61500168,43.80099869,44.03499985,44.38700104,44.87099838,44.95999908
Bosnia and Herzegovina,BIH,BA,43.915886,17.679076000000002,labor force participation rate,33.23400116,34.30899811,34.45100021,34.67900085,35.54999924,36.36600113,36.25299835,35.58100128,35.89899826,35.52000046,35.38700104
Belarus,BLR,BY,53.709807,27.953389,labor force participation rate,57.15100098,57.5359993,57.86299896,58.14099884,58.36199951,58.52600098,58.63299942,58.76300049,58.56900024,58.14699936,57.73799896
Belize,BLZ,BZ,17.189877,-88.49765,labor force participation rate,46.24200058,46.36700058,46.58000183,46.80199814,47.03900146,47.7820015,48.35800171,49.95500183,49.38700104,49.65999985,49.90399933
Bermuda,BMU,BM,32.321384,-64.75737,labor force participation rate,0.0,0.0,0.0,0.0,0.0,0.0,0.0,0.0,0.0,0.0,0.0
Bolivia,BOL,BO,-16.290154,-63.588653,labor force participation rate,62.32699966,61.96699905,61.5929985,57.8730011,58.73500061,60.81999969,54.44400024,56.92599869,59.09199905,63.38100052,63.17699814
Brazil,BRA,BR,-14.235004,-51.92528,labor force participation rate,54.90999985,53.51699829,52.11800003,53.01900101,52.92599869,52.81399918,53.33800125,53.28499985,54.13800049,54.35800171,54.20800018
Barbados,BRB,BB,13.193887,-59.543198,labor force participation rate,62.99300003,62.87400055,62.70700073,61.54999924,62.76499939,61.47100067,61.55699921,62.337001799999996,62.21900177,61.97800064,61.69300079
Bhutan,BTN,BT,27.514162,90.433601,labor force participation rate,66.18299866,63.51699829,61.23099899,62.24200058,57.04999924,53.85699844,58.24000168,58.47100067,58.60599899,58.65100098,58.86199951
Botswana,BWA,BW,-22.328474,24.684866,labor force participation rate,56.5359993,53.79800034,57.66400146,61.33100128,64.75199889999999,64.84300232,64.93000031,65.02799988,65.12999725,65.21800232,65.375
Central African Republic,CAF,CF,6.611111,20.939444,labor force participation rate,65.06300354,65.03399658,64.97299957,64.87300110000001,65.01000214,64.875,64.69599915,64.63400269,64.56999969,64.50299835,64.44000244
Canada,CAN,CA,56.130366,-106.34677099999999,labor force participation rate,61.90599823,61.89799881,61.64799881,61.66600037,61.74599838,61.15999985,60.85100174,60.912998200000004,61.15200043,60.98099899,60.83599854
Switzerland,CHE,CH,46.818188,8.227511999999999,labor force participation rate,61.65599823,59.93099976,60.59899902,60.94300079,61.27099991,62.02700043,62.40299988,62.89599991,62.61600113,62.92399979,62.90399933
Chile,CHL,CL,-35.675146999999996,-71.542969,labor force participation rate,46.12099838,46.90999985,48.79800034,49.02799988,49.462001799999996,50.06700134,50.08300018,50.38100052,51.02600098,51.60800171,51.79800034
China,CHN,CN,35.86166,104.195397,labor force participation rate,64.58699799,63.98099899,63.71900177,63.45800018,63.18199921,62.86500168,62.50400162,62.08399963,61.59799957,61.05500031,60.45100021
Cameroon,CMR,CM,7.369722,12.354722,labor force participation rate,73.30799866,70.63500214,70.73000336,70.83100128,70.93099976,71.01999664,71.09700012,71.16500092,71.22499847,71.27200317,71.10800171
Colombia,COL,CO,4.570868,-74.297333,labor force participation rate,54.38199997,55.72800064,56.52899933,57.97399902,57.86999893,57.89400101,58.47800064,58.16199875,57.89300156,57.2159996,57.34899902
Comoros,COM,KM,-11.875001,43.872219,labor force participation rate,34.27399826,34.52399826,34.73300171,34.962001799999996,35.18799973,35.43799973,35.70100021,35.91799927,36.15299988,36.40499878,36.58100128
Costa Rica,CRI,CR,9.748917,-83.753428,labor force participation rate,46.38100052,45.29899979,45.35300064,50.38600159,49.91799927,49.29700089,48.43899918,44.8730011,45.56900024,48.04600143,48.14500046
Cuba,CUB,CU,21.521757,-77.78116700000001,labor force participation rate,42.42699814,42.02600098,42.1269989,41.96500015,41.77799988,41.54100037,41.54999924,41.39300156,41.05899811,40.86000061,40.70000076
Cayman Islands,CYM,KY,19.513469,-80.566956,labor force participation rate,0.0,0.0,0.0,0.0,0.0,0.0,0.0,0.0,0.0,0.0,0.0
Cyprus,CYP,CY,35.126413,33.429859,labor force participation rate,56.50500107,57.6269989,56.80799866,56.18099976,56.27000046,57.81900024,57.88299942,56.99499893,57.25799942,57.87099838,57.83499908
Czech Republic,CZE,CZ,49.817492,15.472961999999999,labor force participation rate,49.50799942,49.23099899,49.43000031,50.06600189,50.98699951,50.9679985,51.42200089,52.06900024,52.54800034,53.05099869,52.93899918
Germany,DEU,DE,51.165690999999995,10.451526,labor force participation rate,52.51499939,52.77099991,53.61600113,53.62400055,54.17599869,54.31800079,54.3429985,54.71099854,54.98899841,55.22999954,55.27500153
Djibouti,DJI,DJ,11.825138,42.590275,labor force participation rate,49.03300095,49.59700012,49.8219986,50.00500107,50.13999939,50.26399994,50.4070015,50.43999863,50.53099823,50.65599823,50.70999908
Dominica,DMA,DM,15.414999,-61.370976,labor force participation rate,0.0,0.0,0.0,0.0,0.0,0.0,0.0,0.0,0.0,0.0,0.0
Denmark,DNK,DK,56.26392,9.501785,labor force participation rate,60.60900116,59.79899979,59.63000107,59.10699844,58.58599854,58.00999832,57.70800018,59.31600189,58.10900116,58.31000137,58.2480011
Dominican Republic,DOM,DO,18.735692999999998,-70.162651,labor force participation rate,39.66199875,42.42699814,44.76800156,45.77500153,46.20399857,46.76599884,49.60699844,50.38499832,50.63299942,51.24499893,51.43000031
Algeria,DZA,DZ,28.033886,1.6596259999999998,labor force participation rate,14.1960001,14.36800003,15.22799969,16.14599991,16.87100029,15.33100033,15.18599987,15.03100014,14.82400036,14.58500004,14.590999599999998
Ecuador,ECU,EC,-1.8312389999999998,-78.183406,labor force participation rate,51.36199951,49.91899872,49.07300186,50.29299927,49.41899872,48.46300125,52.13700104,55.71699905,56.53300095,55.12599945,55.212001799999996
Eritrea,ERI,ER,15.179383999999999,39.782334000000006,labor force participation rate,71.1210022,71.38999939,71.57099915,71.69300079,71.74700165,71.72100067,71.61699677,71.63200378,71.58300018,71.51200104,71.45899963
Spain,ESP,ES,40.463667,-3.7492199999999998,labor force participation rate,50.92300034,51.73600006,52.33100128,52.85499954,52.84700012,52.62799835,52.60200119,52.63399887,52.27700043,52.00600052,51.85300064
Estonia,EST,EE,58.595271999999994,25.013607,labor force participation rate,54.73799896,55.02299881,55.56000137,55.36000061,55.337001799999996,54.5890007,55.99100113,56.47200012,57.15000153,57.38199997,57.10200119
Ethiopia,ETH,ET,9.145,40.489672999999996,labor force participation rate,73.90799713,73.76399994,73.64199829,73.52700043,73.41899872,73.36799622,73.32499695,73.30500031,73.29900359999999,73.31900024,73.44100189
Finland,FIN,FI,61.92411,25.748151,labor force participation rate,57.02099991,56.02600098,55.81700134,55.95399857,55.51300049,55.52099991,55.54100037,54.94599915,55.12099838,55.74000168,55.54199982
Fiji,FJI,FJ,-16.578193,179.414413,labor force participation rate,41.44300079,43.11399841,44.89099884,43.71099854,42.57699966,41.47100067,40.08900070000001,38.60699844,38.47499847,38.33800125,38.47499847
France,FRA,FR,46.227638,2.213749,labor force participation rate,50.83900070000001,50.81200027,50.68999863,50.875,51.05400085,50.83499908,50.75400162,50.76200104,50.57500076,50.83800125,50.7519989
Faroe Islands,FRO,FO,61.892635,-6.9118059999999995,labor force participation rate,0.0,0.0,0.0,0.0,0.0,0.0,0.0,0.0,0.0,0.0,0.0
Gabon,GAB,GA,-0.803689,11.609444,labor force participation rate,39.78499985,40.23899841,40.56499863,40.97800064,41.44900131,41.97200012,42.52399826,42.75600052,42.97100067,43.15000153,43.52600098
United Kingdom,GBR,GB,55.378051,-3.435973,labor force participation rate,55.52700043,55.5,55.58100128,55.85599899,56.23899841,56.54000092,56.69100189,56.94900131,57.26200104,57.56999969,57.64699936
Georgia,GEO,GE,42.315407,43.356891999999995,labor force participation rate,54.84400177,56.39400101,57.19599915,57.71699905,56.74100113,57.82799911,59.06399918,57.50400162,57.4640007,57.41400146,57.42300034
Ghana,GHA,GH,7.946527000000001,-1.0231940000000002,labor force participation rate,67.47200012,66.89399719,66.27100372,65.61699677,64.93499756,64.23100281,63.50799942,63.60200119,63.68799973,63.77899933,63.62900162
Gibraltar,GIB,GI,36.137741,-5.345374,labor force participation rate,0.0,0.0,0.0,0.0,0.0,0.0,0.0,0.0,0.0,0.0,0.0
Guinea,GIN,GN,9.945587,-9.696645,labor force participation rate,62.4679985,62.47600174,62.49599838,62.52299881,62.56000137,62.59199905,62.61600113,62.61700058,62.61700058,62.65000153,62.69900131
Guinea-Bissau,GNB,GW,11.803749,-15.180413,labor force participation rate,65.02500153,65.10600281,65.16300201,65.28700256,65.39099884,65.5039978,65.58300018,65.63600159,65.69000244,65.7539978,65.83499908
Equatorial Guinea,GNQ,GQ,1.6508009999999997,10.267895,labor force participation rate,53.5320015,53.95500183,53.99399948,54.11500168,54.32099915,54.60100174,54.92900085,54.73300171,54.64500046,54.66500092,54.77500153
Greece,GRC,GR,39.074208,21.824312,labor force participation rate,43.67100143,44.12200165,43.95800018,44.25899887,44.10200119,44.22900009,44.84400177,45.0340004,44.74499893,44.39199829,44.16799927
Grenada,GRD,GD,12.262775999999999,-61.604170999999994,labor force participation rate,0.0,0.0,0.0,0.0,0.0,0.0,0.0,0.0,0.0,0.0,0.0
Greenland,GRL,GL,71.706936,-42.604303,labor force participation rate,0.0,0.0,0.0,0.0,0.0,0.0,0.0,0.0,0.0,0.0,0.0
Guatemala,GTM,GT,15.783470999999999,-90.23075899999999,labor force participation rate,40.75400162,40.51900101,40.29700089,46.09899902,40.64500046,40.83399963,39.07799911,40.61100006,39.69499969,39.91500092,39.91400146
Guam,GUM,GU,13.444304,144.793731,labor force participation rate,54.98699951,54.71699905,54.42399979,54.16699982,53.92200089,53.67599869,53.38700104,53.13899994,52.9070015,52.65299988,52.40800095
Guyana,GUY,GY,4.860416000000001,-58.93018000000001,labor force participation rate,38.59999847,39.27700043,39.88999939,40.52299881,41.16099929999999,41.79000092,42.40499878,43.06600189,43.72299957,43.79800034,43.94300079
Honduras,HND,HN,15.199998999999998,-86.241905,labor force participation rate,42.88700104,44.52000046,41.58599854,40.41699982,44.00699997,46.70800018,48.31900024,48.13999939,47.72499847,51.8769989,51.98699951
Croatia,HRV,HR,45.1,15.2,labor force participation rate,46.83599854,46.19300079,44.54499817,44.39599991,44.35699844,46.14099884,46.54499817,45.16699982,45.43299866,45.52399826,45.44599915
Haiti,HTI,HT,18.971187,-72.28521500000001,labor force participation rate,59.99100113,59.337001799999996,59.92499924,60.2480011,60.72700119,61.05500031,61.20899963,61.36800003,61.49900055,61.66500092,61.87400055
Hungary,HUN,HU,47.162494,19.503304,labor force participation rate,42.79299927,43.77700043,43.90800095,44.81100082,44.91999817,46.29800034,47.27099991,47.96300125,48.24700165,48.44900131,48.46900177
Indonesia,IDN,ID,-0.789275,113.921327,labor force participation rate,50.45899963,51.23099899,51.11299896,51.60599899,50.81999969,50.66899872,50.62900162,50.77399826,52.0340004,52.99900055,53.08000183
Isle of Man,IMN,IM,54.236107,-4.548056,labor force participation rate,0.0,0.0,0.0,0.0,0.0,0.0,0.0,0.0,0.0,0.0,0.0
India,IND,IN,20.593684,78.96288,labor force participation rate,26.82099915,25.68000031,24.25300026,22.89299965,22.47800064,22.08699989,21.71699905,21.36400032,21.02899933,20.71100044,20.52400017
Ireland,IRL,IE,53.41291,-8.243889999999999,labor force participation rate,56.18000031,55.59999847,55.32300186,55.14500046,55.67300034,55.29700089,55.10699844,55.73300171,55.79999924,56.15200043,55.97299957
Iraq,IRQ,IQ,33.223191,43.679291,labor force participation rate,12.11999989,12.00699997,11.92700005,11.87100029,12.71199989,13.62300014,14.0880003,14.58399963,11.27900028,11.4090004,11.61900043
Iceland,ISL,IS,64.96305100000001,-19.020835,labor force participation rate,70.26499939,70.63400269,70.21600342,70.83999634,71.48000336,72.14600372,73.09799957,73.17800140000001,72.32199859999999,71.05699921,70.84600067
Israel,ISR,IL,31.046051000000002,34.851612,labor force participation rate,56.83200073,57.02899933,56.79600143,57.96699905,58.13199997,59.02799988,58.98500061,59.37099838,59.20500183,59.70000076,59.69300079
Italy,ITA,IT,41.87194,12.56738,labor force participation rate,37.9980011,37.93999863,38.15499878,39.45899963,39.39699936,39.84000015,39.51499939,40.18399811,40.68000031,40.83499908,40.75899887
Jamaica,JAM,JM,18.109581,-77.297508,labor force participation rate,55.68199921,55.59500122,55.66500092,55.72800064,57.11000061,56.90999985,57.35400009,59.26300049,60.38499832,59.54100037,59.7820015
Jordan,JOR,JO,30.585164000000002,36.238414,labor force participation rate,15.47099972,15.25800037,15.19999981,14.81799984,13.85999966,13.90299988,13.97900009,14.07999992,14.20800018,14.35999966,14.38599968
Japan,JPN,JP,36.204824,138.252924,labor force participation rate,48.80799866,48.72000122,48.35300064,48.28699875,49.02600098,49.47000122,49.85300064,50.587001799999996,51.40200043,52.77099991,52.73799896
Kazakhstan,KAZ,KZ,48.019573,66.923684,labor force participation rate,65.14700317,65.38099670000001,65.37000275,65.41500092,65.47799683,65.54399872,65.3789978,64.34700012,63.19900131,63.01399994,62.67499924
Kenya,KEN,KE,-0.023559,37.906193,labor force participation rate,65.27200317,66.37799835,67.41899872,68.37799835,69.27100372,70.12599945,70.95700073,71.76899719,71.84999847,71.93099976,72.12799835
Cambodia,KHM,KH,12.565679,104.990963,labor force participation rate,77.92800140000001,81.76699829,82.44300079,79.0019989,75.16100311,74.82299805,74.29100037,76.54399872,76.41300201,76.27600098,76.30500031
Kiribati,KIR,KI,-3.3704169999999998,-168.734039,labor force participation rate,0.0,0.0,0.0,0.0,0.0,0.0,0.0,0.0,0.0,0.0,0.0
Kuwait,KWT,KW,29.311659999999996,47.481766,labor force participation rate,45.13600159,46.56399918,47.0340004,47.64699936,48.57099915,49.38299942,50.02700043,49.89400101,50.12400055,49.88499832,49.68299866
Lebanon,LBN,LB,33.854721000000005,35.862285,labor force participation rate,22.64299965,22.83300018,22.89800072,22.88299942,22.78700066,22.66300011,22.5720005,22.65500069,22.74900055,22.87100029,22.87400055
Liberia,LBR,LR,6.4280550000000005,-9.429499,labor force participation rate,70.04199982,70.09100342,70.11199951,70.12400055,70.11900329999999,70.13800049,70.14600372,72.13999939,72.09200287,72.04399872,72.05799866
Libya,LBY,LY,26.3351,17.228331,labor force participation rate,33.33100128,33.63899994,33.81200027,33.94400024,34.02700043,34.05199814,34.01499939,34.05099869,34.06000137,34.037998200000004,33.94900131
Liechtenstein,LIE,LI,47.166000000000004,9.555373,labor force participation rate,0.0,0.0,0.0,0.0,0.0,0.0,0.0,0.0,0.0,0.0,0.0
Sri Lanka,LKA,LK,7.873054,80.77179699999999,labor force participation rate,36.3409996,34.41099929999999,34.36399841,32.82899857,35.3769989,34.46099854,35.73699951,35.84400177,35.65800095,35.57699966,35.43600082
Lesotho,LSO,LS,-29.609988,28.233608,labor force participation rate,61.22499847,60.59799957,60.20000076,59.7820015,59.33200073,59.56900024,59.75400162,59.92699814,60.10499954,60.24900055,60.1590004
Lithuania,LTU,LT,55.169438,23.881275,labor force participation rate,52.06200027,52.54700089,53.10800171,53.62900162,53.25799942,54.07799911,54.54499817,55.80699921,56.08399963,56.73300171,56.537998200000004
Luxembourg,LUX,LU,49.815273,6.129583,labor force participation rate,48.76900101,48.82500076,49.41099929999999,50.97100067,51.11000061,51.99200058,53.55899811,52.42499924,53.87400055,54.70600128,54.91400146
Latvia,LVA,LV,56.879635,24.603189,labor force participation rate,54.36500168,53.85100174,52.9679985,54.12200165,53.77700043,53.25600052,54.01599884,55.10800171,55.43899918,56.0320015,55.72100067
Morocco,MAR,MA,31.791702,-7.09262,labor force participation rate,25.53499985,25.52599907,25.5359993,24.78800011,24.60099983,23.80500031,23.02300072,22.25499916,21.50399971,21.57799911,21.46899986
Monaco,MCO,MC,43.750298,7.412841,labor force participation rate,0.0,0.0,0.0,0.0,0.0,0.0,0.0,0.0,0.0,0.0,0.0
Moldova,MDA,MD,47.411631,28.369884999999996,labor force participation rate,39.27000046,38.58499908,39.17100143,38.01499939,38.49599838,38.26699829,41.26900101,39.98199844,39.28699875,40.94900131,40.49000168
Madagascar,MDG,MG,-18.766947000000002,46.869107,labor force participation rate,86.6989975,87.11799622,86.86199951,86.55400085,85.67700195,84.67199707,83.51699829,83.42700195,83.35600281,83.29799652,83.37200165
Maldives,MDV,MV,3.202778,73.22068,labor force participation rate,43.32400131,44.09199905,44.85200119,45.60699844,46.34000015,47.03499985,45.04600143,42.94800186,42.63299942,41.57300186,41.63399887
Mexico,MEX,MX,23.634501,-102.552784,labor force participation rate,43.25299835,43.07899857,43.41099929999999,44.47299957,44.49399948,43.51100159,43.86600113,43.91699982,43.59799957,44.11299896,44.18500137
Marshall Islands,MHL,MH,7.131474000000001,171.184478,labor force participation rate,0.0,0.0,0.0,0.0,0.0,0.0,0.0,0.0,0.0,0.0,0.0
Mali,MLI,ML,17.570692,-3.9961660000000006,labor force participation rate,60.30500031,60.33100128,60.31600189,60.3390007,60.34999847,60.33300018,61.24900055,61.24900055,61.2519989,61.26100159,61.2480011
Malta,MLT,MT,35.937496,14.375416,labor force participation rate,33.25699997,33.94900131,35.31100082,38.35499954,40.35100174,41.7519989,42.19499969,43.47499847,44.5019989,46.14899826,46.04700089
Montenegro,MNE,ME,42.708678000000006,19.37439,labor force participation rate,41.48600006,41.44900131,41.46500015,43.22700119,43.0719986,45.25799942,46.60499954,46.33200073,46.00999832,46.40399933,46.48400116
Mongolia,MNG,MN,46.862496,103.84665600000001,labor force participation rate,53.66500092,53.13800049,53.88899994,53.7859993,53.7140007,53.9679985,53.75899887,52.69200134,53.35900116,53.42399979,53.30400085
Northern Mariana Islands,MNP,MP,17.33083,145.38468999999998,labor force participation rate,0.0,0.0,0.0,0.0,0.0,0.0,0.0,0.0,0.0,0.0,0.0
Mozambique,MOZ,MZ,-18.665695,35.529562,labor force participation rate,83.67099762,82.82599640000001,81.93000031,80.97799683,79.96700287,78.89499664,77.75700378,77.69000244,77.61000061,77.52600098,77.28099823
Mauritania,MRT,MR,21.00789,-10.940835,labor force participation rate,28.11899948,28.05200005,28.00300026,27.97900009,28.10400009,28.23999977,28.41399956,28.52499962,28.65600014,28.80200005,28.85000038
Mauritius,MUS,MU,-20.348404000000002,57.552152,labor force participation rate,41.56200027,43.04600143,42.13600159,42.48899841,44.33900070000001,44.61800003,45.69200134,44.76800156,45.07799911,45.18700027,45.15100098
Malawi,MWI,MW,-13.254307999999998,34.301525,labor force participation rate,73.50700378,73.29699707,73.09899902,72.89199829,72.67800140000001,72.65899658,72.65399933,72.63400269,72.61599731,72.59600067,72.59300232
Malaysia,MYS,MY,4.210483999999999,101.97576600000001,labor force participation rate,43.65599823,43.4980011,45.15399933,46.52500153,49.20199966,50.13100052,50.4679985,50.61999893,50.60900116,50.5929985,50.7480011
New Caledonia,NCL,NC,-20.904304999999997,165.618042,labor force participation rate,61.00600052,61.03499985,60.6609993,60.16600037,59.62099838,59.11800003,58.70399857,58.38299942,58.14899826,57.95800018,57.74000168
Niger,NER,NE,17.607789,8.081666,labor force participation rate,68.65799713,68.59600067,68.54399872,66.13200378,63.62400055,61.03699875,60.99200058,60.93899918,60.89400101,60.85499954,60.58599854
Nigeria,NGA,NG,9.081999,8.675277000000001,labor force participation rate,55.25699997,55.25999832,55.25099945,52.70299911,50.23899841,49.56600189,48.85100174,48.10900116,48.14400101,48.18299866,47.87200165
Nicaragua,NIC,NI,12.865416,-85.207229,labor force participation rate,46.64699936,47.10300064,47.57699966,48.06100082,48.54399872,49.01100159,49.42300034,49.79800034,50.15599823,49.4469986,49.66899872
Netherlands,NLD,NL,52.132633,5.291266,labor force participation rate,58.162998200000004,58.0320015,58.09199905,58.625,58.53699875,57.81399918,58.20399857,58.01900101,58.07899857,58.37200165,58.26300049
Norway,NOR,NO,60.472024,8.468946,labor force participation rate,62.59600067,61.77099991,61.63399887,61.59799957,61.55400085,61.34999847,61.33100128,60.8730011,60.26399994,60.43999863,60.36999893
Nepal,NPL,NP,28.394857000000002,84.12400799999999,labor force participation rate,79.41300201,79.52799988,79.72599792,80.08799744,80.56400299,81.06199646,81.51899719,82.04199982,82.43800354,82.71199799,82.80000305
Nauru,NRU,NR,-0.522778,166.931503,labor force participation rate,0.0,0.0,0.0,0.0,0.0,0.0,0.0,0.0,0.0,0.0,0.0
New Zealand,NZL,NZ,-40.900557,174.88597099999998,labor force participation rate,61.24700165,60.9659996,61.44200134,61.57400131,62.00899887,62.89899826,62.84000015,63.91799927,64.64299774,64.83200073,64.77200317
Oman,OMN,OM,21.512583,55.923255000000005,labor force participation rate,26.40500069,27.03000069,27.48600006,28.06299973,28.74900055,29.51000023,30.29599953,30.82299995,31.00300026,30.94799995,30.98600006
Pakistan,PAK,PK,30.375321000000003,69.345116,labor force participation rate,20.73399925,21.71800041,22.06800079,22.31399918,22.57799911,22.91600037,23.86100006,23.09900093,22.36300087,21.65200043,21.91900063
Panama,PAN,PA,8.537981,-80.782127,labor force participation rate,47.85900116,47.08800125,45.42399979,47.96099854,49.48799896,49.52299881,50.70999908,51.23099899,50.97399902,53.41199875,53.4280014
Peru,PER,PE,-9.189967,-75.015152,labor force participation rate,70.55699921,72.06500244,71.28900146,71.06199646,70.48000336,69.48899841,67.86100006,67.94999695,69.46199799,69.96900177,70.28099823
Philippines,PHL,PH,12.879721,121.77401699999999,labor force participation rate,48.28499985,48.48199844,49.24499893,48.82300186,48.75299835,49.52399826,49.26399994,48.56000137,45.41899872,45.99100113,46.09999847
Palau,PLW,PW,7.51498,134.58252,labor force participation rate,0.0,0.0,0.0,0.0,0.0,0.0,0.0,0.0,0.0,0.0,0.0
Papua New Guinea,PNG,PG,-6.314993,143.95555,labor force participation rate,49.7480011,47.20299911,47.26900101,47.20600128,47.162998200000004,46.81499863,46.59600067,46.52000046,46.53099823,46.58200073,46.31600189
Poland,POL,PL,51.919438,19.145135999999997,labor force participation rate,47.42399979,48.27199936,48.32500076,48.66799927,48.63299942,48.97100067,48.75799942,48.75099945,48.85499954,48.91400146,48.62900162
Puerto Rico,PRI,PR,18.220833,-66.590149,labor force participation rate,35.98600006,35.49499893,34.94499969,34.38399887,33.79999924,33.18099976,32.52199936,32.47700119,32.35100174,32.162998200000004,31.62000084
Portugal,PRT,PT,39.399871999999995,-8.224454,labor force participation rate,55.63000107,55.81100082,54.60100174,54.63700104,54.10699844,53.77299881,53.74700165,53.52600098,54.09600067,54.51699829,54.19499969
Paraguay,PRY,PY,-23.442503,-58.44383199999999,labor force participation rate,56.26300049,53.85400009,55.42599869,60.29100037,58.74499893,55.98799896,55.93700027,56.28900146,56.56499863,59.01200104,59.22000122
French Polynesia,PYF,PF,-17.679742,-149.40684299999998,labor force participation rate,48.29199982,48.57799911,48.95899963,49.25299835,49.06900024,48.83000183,48.60599899,48.34600067,48.09500122,47.84400177,47.64199829
Qatar,QAT,QA,25.354826,51.183884,labor force participation rate,49.14400101,51.43999863,52.89199829,54.28099823,55.81200027,57.40499878,58.93600082,58.10599899,57.38399887,56.93700027,56.81100082
Romania,ROU,RO,45.943160999999996,24.96676,labor force participation rate,45.84600067,46.31000137,46.13299942,46.27299881,46.00500107,46.14599991,45.18799973,44.46500015,45.93399811,45.7480011,45.31499863
Rwanda,RWA,RW,-1.940278,29.873888,labor force participation rate,84.11299896,84.08000183,84.05500031,84.01000214,83.94000244,83.84500122,83.8769989,83.88500214,83.89900208,83.90499878,83.93199921
Saudi Arabia,SAU,SA,23.885942,45.079162,labor force participation rate,17.16399956,18.27599907,19.63299942,20.41600037,20.39999962,20.83399963,22.22200012,23.198999399999998,22.55900002,21.95000076,22.11499977
Sudan,SDN,SD,12.862807,30.217636,labor force participation rate,28.13999939,28.11800003,28.09700012,28.13800049,28.26000023,28.4109993,28.56200027,28.70999908,28.87700081,29.10300064,29.10300064
Senegal,SEN,SN,14.497401000000002,-14.452361999999999,labor force participation rate,34.22499847,34.3030014,34.38299942,34.46400070000001,34.54399872,34.62099838,34.6969986,34.77399826,34.86899948,34.98300171,35.04800034
Singapore,SGP,SG,1.352083,103.819836,labor force participation rate,56.88600159,58.07899857,58.82699966,59.79800034,60.13399887,61.37099838,62.57300186,62.51399994,62.13600159,62.07400131,61.97000122
Solomon Islands,SLB,SB,-9.645710000000001,160.156194,labor force participation rate,82.78500366,82.69100189,82.37400055,82.30200195,82.27400208,82.26499939,82.24500275,82.21399689,82.17800140000001,82.14399719,82.09600067
Sierra Leone,SLE,SL,8.460555000000001,-11.779889,labor force participation rate,60.49200058,59.74700165,58.99599838,58.25999832,57.53499985,56.81800079,57.06999969,57.17399979,57.29100037,57.41600037,57.30899811
El Salvador,SLV,SV,13.794185,-88.89653,labor force participation rate,46.64300156,45.96400070000001,45.69300079,46.60499954,47.58599854,46.1570015,45.15599823,46.0,45.36299896,45.12099838,45.31999969
San Marino,SMR,SM,43.94236,12.457777,labor force participation rate,0.0,0.0,0.0,0.0,0.0,0.0,0.0,0.0,0.0,0.0,0.0
Somalia,SOM,SO,5.152149,46.199616,labor force participation rate,20.46299934,20.50499916,20.481000899999998,20.58600044,20.7840004,21.0,21.19099998,21.37700081,21.56100082,21.73900032,21.75499916
Serbia,SRB,RS,44.016521000000004,21.005859,labor force participation rate,44.26200104,42.93299866,42.70800018,43.0909996,44.01499939,44.49900055,44.21300125,46.22000122,47.08100128,47.53599929999999,47.4070015
Suriname,SUR,SR,3.9193050000000005,-56.02778299999999,labor force participation rate,38.40499878,38.87400055,39.40399933,39.60900116,39.81999969,39.75099945,39.29499817,38.58200073,38.61500168,38.67200089,38.75299835
Slovenia,SVN,SI,46.151241,14.995463,labor force participation rate,53.47399902,53.13399887,52.30799866,52.27999878,51.76300049,52.31999969,52.01900101,52.06000137,53.73600006,53.81000137,53.40100098
Sweden,SWE,SE,60.128161,18.643501,labor force participation rate,59.3390007,58.94900131,59.462001799999996,59.70700073,60.18799973,60.38299942,60.67599869,60.7179985,60.97800064,61.29800034,61.38399887
Seychelles,SYC,SC,-4.679574,55.491977,labor force participation rate,0.0,0.0,0.0,0.0,0.0,0.0,0.0,0.0,0.0,0.0,0.0
Turks and Caicos Islands,TCA,TC,21.694025,-71.797928,labor force participation rate,0.0,0.0,0.0,0.0,0.0,0.0,0.0,0.0,0.0,0.0,0.0
Chad,TCD,TD,15.454166,18.732207,labor force participation rate,63.86500168,63.81100082,63.82899857,63.79999924,63.79700089,63.79000092,63.81100082,63.88199997,63.93399811,63.95399857,63.94400024
Togo,TGO,TG,8.619543,0.824782,labor force participation rate,78.47000122,77.58000183,76.60399628,76.63200378,76.64800262,76.64900208,76.63300323,76.60099792,76.55599976,76.4980011,76.27700043
Thailand,THA,TH,15.870032,100.992541,labor force participation rate,64.80599976,63.85800171,65.96900177,65.16899872,62.43500137,61.43199921,60.93600082,60.02600098,59.20899963,59.45600128,59.20000076
Tajikistan,TJK,TJ,38.861034000000004,71.276093,labor force participation rate,29.65399933,29.94300079,30.22500038,30.5,30.78000069,31.07699966,31.39299965,31.70599937,31.46199989,31.24500084,31.284000399999996
Turkmenistan,TKM,TM,38.969719,59.556278000000006,labor force participation rate,51.00299835,51.10300064,51.20899963,51.35599899,51.50699997,51.62099838,51.68500137,51.68700027,51.64300156,51.56299973,51.4070015
Timor-Leste,TLS,TL,-8.874217,125.727539,labor force participation rate,60.64199829,60.57400131,60.14599991,60.00699997,60.53499985,61.88100052,61.18700027,61.28300095,61.82500076,61.875,61.88199997
Tonga,TON,TO,-21.178986,-175.198242,labor force participation rate,45.51699829,45.41400146,45.5530014,45.70299911,45.82600021,45.83100128,45.75500107,45.73500061,45.72600174,45.73400116,45.73699951
Trinidad and Tobago,TTO,TT,10.691803,-61.222503,labor force participation rate,51.70199966,51.05899811,50.35900116,51.61000061,51.8409996,52.18399811,50.76300049,51.09899902,50.55199814,50.27899933,50.06200027
Tunisia,TUN,TN,33.886917,9.537499,labor force participation rate,24.39599991,24.46299934,24.43899918,25.21299934,25.09000015,24.88800049,24.65200043,24.40399933,24.17300034,23.94599915,23.77700043
Turkey,TUR,TR,38.963745,35.243322,labor force participation rate,25.47800064,27.03300095,28.31900024,28.87199974,30.09000015,30.22500038,31.45199966,32.47399902,33.52899933,34.07799911,34.01300049
Tuvalu,TUV,TV,-7.109535,177.64933,labor force participation rate,0.0,0.0,0.0,0.0,0.0,0.0,0.0,0.0,0.0,0.0,0.0
Tanzania,TZA,TZ,-6.369028,34.888822,labor force participation rate,85.01699829,84.16400146,83.22699738,82.20099640000001,81.07599640000001,79.84100342,79.84700012,79.82499695,79.79299927,79.7480011,79.56500244
Uganda,UGA,UG,1.373333,32.290275,labor force participation rate,65.84400177,66.04699707,66.25199889999999,66.46099854,66.52500153,66.58599854,66.65000153,66.72000122,66.8010025,66.87400055,66.99800110000001
Ukraine,UKR,UA,48.379433,31.16558,labor force participation rate,48.43500137,48.40200043,48.24499893,47.48400116,48.38299942,47.05400085,47.38700104,47.1269989,47.05599976,46.97299957,46.73199844
Uruguay,URY,UY,-32.522779,-55.765834999999996,labor force participation rate,55.60300064,55.33000183,55.97800064,55.79299927,54.98300171,55.97700119,55.74200058,55.94200134,55.60599899,55.41899872,55.57899857
United States,USA,US,37.09024,-95.712891,labor force participation rate,58.14099884,57.49900055,56.92499924,56.78499985,56.287998200000004,56.10800171,55.83499908,55.9980011,56.32300186,56.38499832,56.12599945
Uzbekistan,UZB,UZ,41.377491,64.585262,labor force participation rate,51.51100159,51.62599945,51.77099991,51.912998200000004,52.05799866,52.19400024,52.29600143,52.36199951,52.41899872,52.43600082,52.37799835
British Virgin Islands,VGB,VG,18.420695000000002,-64.63996800000001,labor force participation rate,0.0,0.0,0.0,0.0,0.0,0.0,0.0,0.0,0.0,0.0,0.0
Vietnam,VNM,VN,14.058323999999999,108.277199,labor force participation rate,71.47899628,71.38899994,72.59300232,72.83699799,73.72299957,73.88200378,73.25900269,72.92700195,72.95800018,72.77200317,72.70800018
Vanuatu,VUT,VU,-15.376706,166.959158,labor force participation rate,60.38100052,60.56399918,60.56299973,60.55799866,60.60100174,60.68799973,60.93799973,60.97600174,60.9640007,60.97299957,60.95600128
Samoa,WSM,WS,-13.759029,-172.10462900000002,labor force participation rate,31.64599991,31.56699944,31.52000046,31.590999600000004,31.6989994,31.7140007,31.6970005,31.48699951,31.36000061,31.24900055,31.10400009
Kosovo,XKX,XK,42.602636,20.902977,labor force participation rate,0.0,0.0,0.0,0.0,0.0,0.0,0.0,0.0,0.0,0.0,0.0
South Africa,ZAF,ZA,-30.559482,22.937506,labor force participation rate,46.30699921,44.89799881,45.47700119,45.82899857,46.91899872,47.2519989,48.57099915,48.65499878,49.59500122,49.52000046,49.61000061
Zambia,ZMB,ZM,-13.133897,27.849332,labor force participation rate,71.64600372,71.1230011,70.62200165,70.11900329999999,70.16400146,70.20600128,70.2519989,70.29499817,70.33399963,70.37000275,70.37000275
Zimbabwe,ZWE,ZW,-19.015438,29.154857,labor force participation rate,77.23999786,77.28800201,77.43699646,77.51899719,77.65100098,77.75499725,77.83899689,77.92500305,77.97899628,78.01399994,78.10600281
Aruba,ABW,AW,12.52111,-69.968338,participation in ownership,0.0,0.0,0.0,0.0,0.0,0.0,0.0,0.0,0.0,0.0,0.0
Afghanistan,AFG,AF,33.93911,67.709953,participation in ownership,0.0,0.0,0.0,0.0,0.0,2.2,0.0,0.0,0.0,0.0,0.0
Angola,AGO,AO,-11.202691999999999,17.873887,participation in ownership,0.0,56.6,0.0,0.0,0.0,0.0,0.0,0.0,0.0,0.0,0.0
Albania,ALB,AL,41.153332,20.168331,participation in ownership,0.0,0.0,0.0,0.0,13.1,0.0,0.0,0.0,0.0,0.0,20.7
Andorra,AND,AD,42.546245,1.6015540000000001,participation in ownership,0.0,0.0,0.0,0.0,0.0,0.0,0.0,0.0,0.0,0.0,0.0
United Arab Emirates,ARE,AE,23.424076,53.847818000000004,participation in ownership,0.0,0.0,0.0,0.0,0.0,0.0,0.0,0.0,0.0,0.0,0.0
Argentina,ARG,AR,-38.416097,-63.616671999999994,participation in ownership,0.0,38.0,0.0,0.0,0.0,0.0,0.0,0.0,57.8,0.0,0.0
Armenia,ARM,AM,40.069099,45.038189,participation in ownership,31.8,0.0,0.0,0.0,24.4,0.0,0.0,0.0,0.0,0.0,0.0
American Samoa,ASM,AS,-14.270972,-170.132217,participation in ownership,0.0,0.0,0.0,0.0,0.0,0.0,0.0,0.0,0.0,0.0,0.0
Antigua and Barbuda,ATG,AG,17.060816,-61.796428000000006,participation in ownership,0.0,21.3,0.0,0.0,0.0,0.0,0.0,0.0,0.0,0.0,0.0
Australia,AUS,AU,-25.274398,133.775136,participation in ownership,0.0,0.0,0.0,0.0,0.0,0.0,0.0,0.0,0.0,0.0,0.0
Austria,AUT,AT,47.516231,14.550072,participation in ownership,0.0,0.0,0.0,0.0,0.0,0.0,0.0,0.0,0.0,0.0,0.0
Azerbaijan,AZE,AZ,40.143105,47.576927000000005,participation in ownership,10.8,0.0,0.0,0.0,4.0,0.0,0.0,0.0,0.0,0.0,15.3
Burundi,BDI,BI,-3.3730559999999996,29.918885999999997,participation in ownership,0.0,0.0,0.0,0.0,0.0,44.0,0.0,0.0,0.0,0.0,0.0
Belgium,BEL,BE,50.503887,4.469936,participation in ownership,0.0,0.0,0.0,0.0,0.0,0.0,0.0,0.0,0.0,0.0,0.0
Benin,BEN,BJ,9.30769,2.315834,participation in ownership,45.4,0.0,0.0,0.0,0.0,0.0,0.0,36.7,0.0,0.0,0.0
Burkina Faso,BFA,BF,12.238333,-1.561593,participation in ownership,19.2,0.0,0.0,0.0,0.0,0.0,0.0,0.0,0.0,0.0,0.0
Bangladesh,BGD,BD,23.684994,90.35633100000001,participation in ownership,0.0,0.0,0.0,0.0,12.7,0.0,0.0,0.0,0.0,0.0,0.0
Bulgaria,BGR,BG,42.733883,25.48583,participation in ownership,33.9,0.0,0.0,0.0,41.5,0.0,0.0,0.0,0.0,0.0,41.7
Bahrain,BHR,BH,25.930414000000003,50.637772,participation in ownership,0.0,0.0,0.0,0.0,0.0,0.0,0.0,0.0,0.0,0.0,0.0
Bosnia and Herzegovina,BIH,BA,43.915886,17.679076000000002,participation in ownership,32.8,0.0,0.0,0.0,22.8,0.0,0.0,0.0,0.0,0.0,24.9
Belarus,BLR,BY,53.709807,27.953389,participation in ownership,0.0,0.0,0.0,0.0,46.2,0.0,0.0,0.0,0.0,45.5,0.0
Belize,BLZ,BZ,17.189877,-88.49765,participation in ownership,0.0,30.4,0.0,0.0,0.0,0.0,0.0,0.0,0.0,0.0,0.0
Bermuda,BMU,BM,32.321384,-64.75737,participation in ownership,0.0,0.0,0.0,0.0,0.0,0.0,0.0,0.0,0.0,0.0,0.0
Bolivia,BOL,BO,-16.290154,-63.588653,participation in ownership,0.0,41.3,0.0,0.0,0.0,0.0,0.0,0.0,68.6,0.0,0.0
Brazil,BRA,BR,-14.235004,-51.92528,participation in ownership,50.2,0.0,0.0,0.0,0.0,0.0,0.0,0.0,0.0,0.0,0.0
Barbados,BRB,BB,13.193887,-59.543198,participation in ownership,0.0,43.5,0.0,0.0,0.0,0.0,0.0,0.0,0.0,0.0,0.0
Bhutan,BTN,BT,27.514162,90.433601,participation in ownership,31.3,0.0,0.0,0.0,0.0,0.0,43.3,0.0,0.0,0.0,0.0
Botswana,BWA,BW,-22.328474,24.684866,participation in ownership,0.0,55.3,0.0,0.0,0.0,0.0,0.0,0.0,0.0,0.0,0.0
Central African Republic,CAF,CF,6.611111,20.939444,participation in ownership,0.0,0.0,53.3,0.0,0.0,0.0,0.0,0.0,0.0,0.0,0.0
Canada,CAN,CA,56.130366,-106.34677099999999,participation in ownership,0.0,0.0,0.0,0.0,0.0,0.0,0.0,0.0,0.0,0.0,0.0
Switzerland,CHE,CH,46.818188,8.227511999999999,participation in ownership,0.0,0.0,0.0,0.0,0.0,0.0,0.0,0.0,0.0,0.0,0.0
Chile,CHL,CL,-35.675146999999996,-71.542969,participation in ownership,0.0,29.6,0.0,0.0,0.0,0.0,0.0,0.0,0.0,0.0,0.0
China,CHN,CN,35.86166,104.195397,participation in ownership,0.0,0.0,0.0,64.2,0.0,0.0,0.0,0.0,0.0,0.0,0.0
Cameroon,CMR,CM,7.369722,12.354722,participation in ownership,15.7,0.0,0.0,0.0,0.0,0.0,0.0,39.7,0.0,0.0,0.0
Colombia,COL,CO,4.570868,-74.297333,participation in ownership,0.0,35.3,0.0,0.0,0.0,0.0,0.0,0.0,66.9,0.0,0.0
Comoros,COM,KM,-11.875001,43.872219,participation in ownership,0.0,0.0,0.0,0.0,0.0,0.0,0.0,0.0,0.0,0.0,0.0
Costa Rica,CRI,CR,9.748917,-83.753428,participation in ownership,0.0,43.5,0.0,0.0,0.0,0.0,0.0,0.0,0.0,0.0,0.0
Cuba,CUB,CU,21.521757,-77.78116700000001,participation in ownership,0.0,0.0,0.0,0.0,0.0,0.0,0.0,0.0,0.0,0.0,0.0
Cayman Islands,CYM,KY,19.513469,-80.566956,participation in ownership,0.0,0.0,0.0,0.0,0.0,0.0,0.0,0.0,0.0,0.0,0.0
Cyprus,CYP,CY,35.126413,33.429859,participation in ownership,0.0,0.0,0.0,0.0,0.0,0.0,0.0,0.0,0.0,0.0,45.1
Czech Republic,CZE,CZ,49.817492,15.472961999999999,participation in ownership,25.0,0.0,0.0,0.0,30.4,0.0,0.0,0.0,0.0,0.0,29.9
Germany,DEU,DE,51.165690999999995,10.451526,participation in ownership,0.0,0.0,0.0,0.0,0.0,0.0,0.0,0.0,0.0,0.0,0.0
Djibouti,DJI,DJ,11.825138,42.590275,participation in ownership,0.0,0.0,0.0,0.0,22.3,0.0,0.0,0.0,0.0,0.0,0.0
Dominica,DMA,DM,15.414999,-61.370976,participation in ownership,0.0,41.0,0.0,0.0,0.0,0.0,0.0,0.0,0.0,0.0,0.0
Denmark,DNK,DK,56.26392,9.501785,participation in ownership,0.0,0.0,0.0,0.0,0.0,0.0,0.0,0.0,0.0,0.0,0.0
Dominican Republic,DOM,DO,18.735692999999998,-70.162651,participation in ownership,0.0,30.0,0.0,0.0,0.0,0.0,0.0,32.2,0.0,0.0,0.0
Algeria,DZA,DZ,28.033886,1.6596259999999998,participation in ownership,0.0,0.0,0.0,0.0,0.0,0.0,0.0,0.0,0.0,0.0,0.0
Ecuador,ECU,EC,-1.8312389999999998,-78.183406,participation in ownership,0.0,24.1,0.0,0.0,0.0,0.0,0.0,0.0,70.4,0.0,0.0
Eritrea,ERI,ER,15.179383999999999,39.782334000000006,participation in ownership,4.2,0.0,0.0,0.0,0.0,0.0,0.0,0.0,0.0,0.0,0.0
Spain,ESP,ES,40.463667,-3.7492199999999998,participation in ownership,0.0,0.0,0.0,0.0,0.0,0.0,0.0,0.0,0.0,0.0,0.0
Estonia,EST,EE,58.595271999999994,25.013607,participation in ownership,36.3,0.0,0.0,0.0,38.3,0.0,0.0,0.0,0.0,0.0,35.5
Ethiopia,ETH,ET,9.145,40.489672999999996,participation in ownership,0.0,0.0,35.3,0.0,0.0,0.0,36.2,0.0,0.0,0.0,0.0
Finland,FIN,FI,61.92411,25.748151,participation in ownership,0.0,0.0,0.0,0.0,0.0,0.0,0.0,0.0,0.0,0.0,0.0
Fiji,FJI,FJ,-16.578193,179.414413,participation in ownership,49.1,0.0,0.0,0.0,0.0,0.0,0.0,0.0,0.0,0.0,0.0
France,FRA,FR,46.227638,2.213749,participation in ownership,0.0,0.0,0.0,0.0,0.0,0.0,0.0,0.0,0.0,0.0,0.0
Faroe Islands,FRO,FO,61.892635,-6.9118059999999995,participation in ownership,0.0,0.0,0.0,0.0,0.0,0.0,0.0,0.0,0.0,0.0,0.0
Gabon,GAB,GA,-0.803689,11.609444,participation in ownership,33.1,0.0,0.0,0.0,0.0,0.0,0.0,0.0,0.0,0.0,0.0
United Kingdom,GBR,GB,55.378051,-3.435973,participation in ownership,0.0,0.0,0.0,0.0,0.0,0.0,0.0,0.0,0.0,0.0,0.0
Georgia,GEO,GE,42.315407,43.356891999999995,participation in ownership,0.0,0.0,0.0,0.0,36.1,0.0,0.0,0.0,0.0,0.0,22.4
Ghana,GHA,GH,7.946527000000001,-1.0231940000000002,participation in ownership,0.0,0.0,0.0,0.0,31.6,0.0,0.0,0.0,0.0,0.0,0.0
Gibraltar,GIB,GI,36.137741,-5.345374,participation in ownership,0.0,0.0,0.0,0.0,0.0,0.0,0.0,0.0,0.0,0.0,0.0
Guinea,GIN,GN,9.945587,-9.696645,participation in ownership,0.0,0.0,0.0,0.0,0.0,0.0,0.0,9.0,0.0,0.0,0.0
Guinea-Bissau,GNB,GW,11.803749,-15.180413,participation in ownership,0.0,0.0,0.0,0.0,0.0,0.0,0.0,0.0,0.0,0.0,0.0
Equatorial Guinea,GNQ,GQ,1.6508009999999997,10.267895,participation in ownership,0.0,0.0,0.0,0.0,0.0,0.0,0.0,0.0,0.0,0.0,0.0
Greece,GRC,GR,39.074208,21.824312,participation in ownership,0.0,0.0,0.0,0.0,0.0,0.0,0.0,0.0,0.0,45.9,0.0
Grenada,GRD,GD,12.262775999999999,-61.604170999999994,participation in ownership,0.0,57.3,0.0,0.0,0.0,0.0,0.0,0.0,0.0,0.0,0.0
Greenland,GRL,GL,71.706936,-42.604303,participation in ownership,0.0,0.0,0.0,0.0,0.0,0.0,0.0,0.0,0.0,0.0,0.0
Guatemala,GTM,GT,15.783470999999999,-90.23075899999999,participation in ownership,0.0,44.2,0.0,0.0,0.0,0.0,0.0,0.0,31.5,0.0,0.0
Guam,GUM,GU,13.444304,144.793731,participation in ownership,0.0,0.0,0.0,0.0,0.0,0.0,0.0,0.0,0.0,0.0,0.0
Guyana,GUY,GY,4.860416000000001,-58.93018000000001,participation in ownership,0.0,58.3,0.0,0.0,0.0,0.0,0.0,0.0,0.0,0.0,0.0
Honduras,HND,HN,15.199998999999998,-86.241905,participation in ownership,0.0,43.3,0.0,0.0,0.0,0.0,0.0,54.7,0.0,0.0,0.0
Croatia,HRV,HR,45.1,15.2,participation in ownership,0.0,0.0,0.0,0.0,36.3,0.0,0.0,0.0,0.0,0.0,31.7
Haiti,HTI,HT,18.971187,-72.28521500000001,participation in ownership,0.0,0.0,0.0,0.0,0.0,0.0,0.0,0.0,0.0,0.0,0.0
Hungary,HUN,HU,47.162494,19.503304,participation in ownership,42.4,0.0,0.0,0.0,48.7,0.0,0.0,0.0,0.0,0.0,51.9
Indonesia,IDN,ID,-0.789275,113.921327,participation in ownership,42.8,0.0,0.0,0.0,0.0,0.0,22.1,0.0,0.0,0.0,0.0
Isle of Man,IMN,IM,54.236107,-4.548056,participation in ownership,0.0,0.0,0.0,0.0,0.0,0.0,0.0,0.0,0.0,0.0,0.0
India,IND,IN,20.593684,78.96288,participation in ownership,0.0,0.0,0.0,0.0,0.0,10.7,0.0,0.0,0.0,0.0,0.0
Ireland,IRL,IE,53.41291,-8.243889999999999,participation in ownership,0.0,0.0,0.0,0.0,0.0,0.0,0.0,0.0,0.0,0.0,0.0
Iraq,IRQ,IQ,33.223191,43.679291,participation in ownership,0.0,0.0,6.8,0.0,0.0,0.0,0.0,0.0,0.0,0.0,0.0
Iceland,ISL,IS,64.96305100000001,-19.020835,participation in ownership,0.0,0.0,0.0,0.0,0.0,0.0,0.0,0.0,0.0,0.0,0.0
Israel,ISR,IL,31.046051000000002,34.851612,participation in ownership,0.0,0.0,0.0,0.0,27.3,0.0,0.0,0.0,0.0,0.0,0.0
Italy,ITA,IT,41.87194,12.56738,participation in ownership,0.0,0.0,0.0,0.0,0.0,0.0,0.0,0.0,0.0,0.0,24.0
Jamaica,JAM,JM,18.109581,-77.297508,participation in ownership,0.0,38.2,0.0,0.0,0.0,0.0,0.0,0.0,0.0,0.0,0.0
Jordan,JOR,JO,30.585164000000002,36.238414,participation in ownership,0.0,0.0,0.0,0.0,15.7,0.0,0.0,0.0,0.0,0.0,22.6
Japan,JPN,JP,36.204824,138.252924,participation in ownership,0.0,0.0,0.0,0.0,0.0,0.0,0.0,0.0,0.0,0.0,0.0
Kazakhstan,KAZ,KZ,48.019573,66.923684,participation in ownership,34.4,0.0,0.0,0.0,29.6,0.0,0.0,0.0,0.0,0.0,30.5
Kenya,KEN,KE,-0.023559,37.906193,participation in ownership,0.0,0.0,0.0,0.0,48.7,0.0,0.0,0.0,0.0,47.5,0.0
Cambodia,KHM,KH,12.565679,104.990963,participation in ownership,0.0,0.0,0.0,0.0,0.0,0.0,0.0,46.2,0.0,0.0,0.0
Kiribati,KIR,KI,-3.3704169999999998,-168.734039,participation in ownership,0.0,0.0,0.0,0.0,0.0,0.0,0.0,0.0,0.0,0.0,0.0
Kuwait,KWT,KW,29.311659999999996,47.481766,participation in ownership,0.0,0.0,0.0,0.0,0.0,0.0,0.0,0.0,0.0,0.0,0.0
Lebanon,LBN,LB,33.854721000000005,35.862285,participation in ownership,33.5,0.0,0.0,0.0,43.5,0.0,0.0,0.0,0.0,0.0,9.9
Liberia,LBR,LR,6.4280550000000005,-9.429499,participation in ownership,53.0,0.0,0.0,0.0,0.0,0.0,0.0,0.0,37.4,0.0,0.0
Libya,LBY,LY,26.3351,17.228331,participation in ownership,0.0,0.0,0.0,0.0,0.0,0.0,0.0,0.0,0.0,0.0,0.0
Liechtenstein,LIE,LI,47.166000000000004,9.555373,participation in ownership,0.0,0.0,0.0,0.0,0.0,0.0,0.0,0.0,0.0,0.0,0.0
Sri Lanka,LKA,LK,7.873054,80.77179699999999,participation in ownership,0.0,0.0,26.1,0.0,0.0,0.0,0.0,0.0,0.0,0.0,0.0
Lesotho,LSO,LS,-29.609988,28.233608,participation in ownership,18.4,0.0,0.0,0.0,0.0,0.0,0.0,39.1,0.0,0.0,0.0
Lithuania,LTU,LT,55.169438,23.881275,participation in ownership,38.7,0.0,0.0,0.0,35.7,0.0,0.0,0.0,0.0,0.0,43.1
Luxembourg,LUX,LU,49.815273,6.129583,participation in ownership,0.0,0.0,0.0,0.0,0.0,0.0,0.0,0.0,0.0,0.0,0.0
Latvia,LVA,LV,56.879635,24.603189,participation in ownership,46.3,0.0,0.0,0.0,41.6,0.0,0.0,0.0,0.0,0.0,46.6
Morocco,MAR,MA,31.791702,-7.09262,participation in ownership,0.0,0.0,0.0,0.0,31.3,0.0,0.0,0.0,0.0,0.0,16.1
Monaco,MCO,MC,43.750298,7.412841,participation in ownership,0.0,0.0,0.0,0.0,0.0,0.0,0.0,0.0,0.0,0.0,0.0
Moldova,MDA,MD,47.411631,28.369884999999996,participation in ownership,53.1,0.0,0.0,0.0,54.1,0.0,0.0,0.0,0.0,0.0,39.9
Madagascar,MDG,MG,-18.766947000000002,46.869107,participation in ownership,50.0,0.0,0.0,0.0,41.6,0.0,0.0,0.0,0.0,0.0,0.0
Maldives,MDV,MV,3.202778,73.22068,participation in ownership,0.0,0.0,0.0,0.0,0.0,0.0,0.0,0.0,0.0,0.0,0.0
Mexico,MEX,MX,23.634501,-102.552784,participation in ownership,0.0,25.7,0.0,0.0,0.0,0.0,0.0,0.0,0.0,0.0,0.0
Marshall Islands,MHL,MH,7.131474000000001,171.184478,participation in ownership,0.0,0.0,0.0,0.0,0.0,0.0,0.0,0.0,0.0,0.0,0.0
Mali,MLI,ML,17.570692,-3.9961660000000006,participation in ownership,0.0,58.3,0.0,0.0,0.0,0.0,0.0,15.3,0.0,0.0,0.0
Malta,MLT,MT,35.937496,14.375416,participation in ownership,0.0,0.0,0.0,0.0,0.0,0.0,0.0,0.0,0.0,0.0,46.0
Montenegro,MNE,ME,42.708678000000006,19.37439,participation in ownership,26.0,0.0,0.0,0.0,25.6,0.0,0.0,0.0,0.0,0.0,24.0
Mongolia,MNG,MN,46.862496,103.84665600000001,participation in ownership,52.0,0.0,0.0,0.0,36.1,0.0,0.0,0.0,0.0,0.0,43.7
Northern Mariana Islands,MNP,MP,17.33083,145.38468999999998,participation in ownership,0.0,0.0,0.0,0.0,0.0,0.0,0.0,0.0,0.0,0.0,0.0
Mozambique,MOZ,MZ,-18.665695,35.529562,participation in ownership,0.0,0.0,0.0,0.0,0.0,0.0,0.0,0.0,0.0,28.3,0.0
Mauritania,MRT,MR,21.00789,-10.940835,participation in ownership,0.0,0.0,0.0,0.0,0.0,15.0,0.0,0.0,0.0,0.0,0.0
Mauritius,MUS,MU,-20.348404000000002,57.552152,participation in ownership,16.9,0.0,0.0,0.0,0.0,0.0,0.0,0.0,0.0,0.0,0.0
Malawi,MWI,MW,-13.254307999999998,34.301525,participation in ownership,23.9,0.0,0.0,0.0,0.0,28.1,0.0,0.0,0.0,0.0,0.0
Malaysia,MYS,MY,4.210483999999999,101.97576600000001,participation in ownership,0.0,0.0,0.0,0.0,0.0,0.0,25.4,0.0,0.0,0.0,0.0
New Caledonia,NCL,NC,-20.904304999999997,165.618042,participation in ownership,0.0,0.0,0.0,0.0,0.0,0.0,0.0,0.0,0.0,0.0,0.0
Niger,NER,NE,17.607789,8.081666,participation in ownership,17.6,0.0,0.0,0.0,0.0,0.0,0.0,0.0,14.5,0.0,0.0
Nigeria,NGA,NG,9.081999,8.675277000000001,participation in ownership,0.0,0.0,0.0,0.0,0.0,16.2,0.0,0.0,0.0,0.0,0.0
Nicaragua,NIC,NI,12.865416,-85.207229,participation in ownership,0.0,61.9,0.0,0.0,0.0,0.0,0.0,35.8,0.0,0.0,0.0
Netherlands,NLD,NL,52.132633,5.291266,participation in ownership,0.0,0.0,0.0,0.0,0.0,0.0,0.0,0.0,0.0,0.0,0.0
Norway,NOR,NO,60.472024,8.468946,participation in ownership,0.0,0.0,0.0,0.0,0.0,0.0,0.0,0.0,0.0,0.0,0.0
Nepal,NPL,NP,28.394857000000002,84.12400799999999,participation in ownership,27.3,0.0,0.0,0.0,21.8,0.0,0.0,0.0,0.0,0.0,0.0
Nauru,NRU,NR,-0.522778,166.931503,participation in ownership,0.0,0.0,0.0,0.0,0.0,0.0,0.0,0.0,0.0,0.0,0.0
New Zealand,NZL,NZ,-40.900557,174.88597099999998,participation in ownership,0.0,0.0,0.0,0.0,0.0,0.0,0.0,0.0,0.0,0.0,0.0
Oman,OMN,OM,21.512583,55.923255000000005,participation in ownership,0.0,0.0,0.0,0.0,0.0,0.0,0.0,0.0,0.0,0.0,0.0
Pakistan,PAK,PK,30.375321000000003,69.345116,participation in ownership,0.0,0.0,0.0,0.0,11.8,0.0,0.0,0.0,0.0,0.0,0.0
Panama,PAN,PA,8.537981,-80.782127,participation in ownership,0.0,24.7,0.0,0.0,0.0,0.0,0.0,0.0,0.0,0.0,0.0
Peru,PER,PE,-9.189967,-75.015152,participation in ownership,0.0,28.7,0.0,0.0,0.0,0.0,0.0,0.0,56.6,0.0,0.0
Philippines,PHL,PH,12.879721,121.77401699999999,participation in ownership,69.4,0.0,0.0,0.0,0.0,0.0,69.2,0.0,0.0,0.0,0.0
Palau,PLW,PW,7.51498,134.58252,participation in ownership,0.0,0.0,0.0,0.0,0.0,0.0,0.0,0.0,0.0,0.0,0.0
Papua New Guinea,PNG,PG,-6.314993,143.95555,participation in ownership,0.0,0.0,0.0,0.0,0.0,0.0,46.5,0.0,0.0,0.0,0.0
Poland,POL,PL,51.919438,19.145135999999997,participation in ownership,47.9,0.0,0.0,0.0,40.2,0.0,0.0,0.0,0.0,0.0,37.0
Puerto Rico,PRI,PR,18.220833,-66.590149,participation in ownership,0.0,0.0,0.0,0.0,0.0,0.0,0.0,0.0,0.0,0.0,0.0
Portugal,PRT,PT,39.399871999999995,-8.224454,participation in ownership,0.0,0.0,0.0,0.0,0.0,0.0,0.0,0.0,0.0,0.0,37.8
Paraguay,PRY,PY,-23.442503,-58.44383199999999,participation in ownership,0.0,51.6,0.0,0.0,0.0,0.0,0.0,0.0,66.2,0.0,0.0
French Polynesia,PYF,PF,-17.679742,-149.40684299999998,participation in ownership,0.0,0.0,0.0,0.0,0.0,0.0,0.0,0.0,0.0,0.0,0.0
Qatar,QAT,QA,25.354826,51.183884,participation in ownership,0.0,0.0,0.0,0.0,0.0,0.0,0.0,0.0,0.0,0.0,0.0
Romania,ROU,RO,45.943160999999996,24.96676,participation in ownership,47.9,0.0,0.0,0.0,47.2,0.0,0.0,0.0,0.0,0.0,32.4
Rwanda,RWA,RW,-1.940278,29.873888,participation in ownership,0.0,0.0,42.7,0.0,0.0,0.0,0.0,0.0,0.0,0.0,26.5
Saudi Arabia,SAU,SA,23.885942,45.079162,participation in ownership,0.0,0.0,0.0,0.0,0.0,0.0,0.0,0.0,0.0,0.0,0.0
Sudan,SDN,SD,12.862807,30.217636,participation in ownership,0.0,0.0,0.0,0.0,0.0,8.2,0.0,0.0,0.0,0.0,0.0
Senegal,SEN,SN,14.497401000000002,-14.452361999999999,participation in ownership,0.0,0.0,0.0,0.0,0.0,22.9,0.0,0.0,0.0,0.0,0.0
Singapore,SGP,SG,1.352083,103.819836,participation in ownership,0.0,0.0,0.0,0.0,0.0,0.0,0.0,0.0,0.0,0.0,0.0
Solomon Islands,SLB,SB,-9.645710000000001,160.156194,participation in ownership,0.0,0.0,0.0,0.0,0.0,0.0,47.4,0.0,0.0,0.0,0.0
Sierra Leone,SLE,SL,8.460555000000001,-11.779889,participation in ownership,7.9,0.0,0.0,0.0,0.0,0.0,0.0,0.0,18.8,0.0,0.0
El Salvador,SLV,SV,13.794185,-88.89653,participation in ownership,0.0,40.2,0.0,0.0,0.0,0.0,0.0,38.4,0.0,0.0,0.0
San Marino,SMR,SM,43.94236,12.457777,participation in ownership,0.0,0.0,0.0,0.0,0.0,0.0,0.0,0.0,0.0,0.0,0.0
Somalia,SOM,SO,5.152149,46.199616,participation in ownership,0.0,0.0,0.0,0.0,0.0,0.0,0.0,0.0,0.0,0.0,0.0
Serbia,SRB,RS,44.016521000000004,21.005859,participation in ownership,28.8,0.0,0.0,0.0,34.9,0.0,0.0,0.0,0.0,0.0,28.5
Suriname,SUR,SR,3.9193050000000005,-56.02778299999999,participation in ownership,0.0,18.3,0.0,0.0,0.0,0.0,0.0,0.0,0.0,32.7,0.0
Slovenia,SVN,SI,46.151241,14.995463,participation in ownership,42.2,0.0,0.0,0.0,38.5,0.0,0.0,0.0,0.0,0.0,34.1
Sweden,SWE,SE,60.128161,18.643501,participation in ownership,0.0,0.0,0.0,0.0,0.0,52.5,0.0,0.0,0.0,0.0,0.0
Seychelles,SYC,SC,-4.679574,55.491977,participation in ownership,0.0,0.0,0.0,0.0,0.0,0.0,0.0,0.0,0.0,0.0,0.0
Turks and Caicos Islands,TCA,TC,21.694025,-71.797928,participation in ownership,0.0,0.0,0.0,0.0,0.0,0.0,0.0,0.0,0.0,0.0,0.0
Chad,TCD,TD,15.454166,18.732207,participation in ownership,40.1,0.0,0.0,0.0,0.0,0.0,0.0,0.0,0.0,13.1,0.0
Togo,TGO,TG,8.619543,0.824782,participation in ownership,31.8,0.0,0.0,0.0,0.0,0.0,0.0,25.3,0.0,0.0,0.0
Thailand,THA,TH,15.870032,100.992541,participation in ownership,0.0,0.0,0.0,0.0,0.0,0.0,0.0,64.4,0.0,0.0,0.0
Tajikistan,TJK,TJ,38.861034000000004,71.276093,participation in ownership,0.0,0.0,0.0,0.0,32.5,0.0,0.0,0.0,0.0,0.0,22.7
Turkmenistan,TKM,TM,38.969719,59.556278000000006,participation in ownership,0.0,0.0,0.0,0.0,0.0,0.0,0.0,0.0,0.0,0.0,0.0
Timor-Leste,TLS,TL,-8.874217,125.727539,participation in ownership,42.9,0.0,0.0,0.0,0.0,0.0,64.4,0.0,0.0,0.0,0.0
Tonga,TON,TO,-21.178986,-175.198242,participation in ownership,65.3,0.0,0.0,0.0,0.0,0.0,0.0,0.0,0.0,0.0,0.0
Trinidad and Tobago,TTO,TT,10.691803,-61.222503,participation in ownership,0.0,45.1,0.0,0.0,0.0,0.0,0.0,0.0,0.0,0.0,0.0
Tunisia,TUN,TN,33.886917,9.537499,participation in ownership,0.0,0.0,0.0,0.0,49.5,0.0,0.0,0.0,0.0,0.0,0.0
Turkey,TUR,TR,38.963745,35.243322,participation in ownership,0.0,0.0,0.0,0.0,25.1,0.0,0.0,0.0,0.0,0.0,11.3
Tuvalu,TUV,TV,-7.109535,177.64933,participation in ownership,0.0,0.0,0.0,0.0,0.0,0.0,0.0,0.0,0.0,0.0,0.0
Tanzania,TZA,TZ,-6.369028,34.888822,participation in ownership,0.0,0.0,0.0,0.0,24.7,0.0,0.0,0.0,0.0,0.0,0.0
Uganda,UGA,UG,1.373333,32.290275,participation in ownership,0.0,0.0,0.0,0.0,26.6,0.0,0.0,0.0,0.0,0.0,0.0
Ukraine,UKR,UA,48.379433,31.16558,participation in ownership,0.0,0.0,0.0,0.0,32.2,0.0,0.0,0.0,0.0,0.0,38.6
Uruguay,URY,UY,-32.522779,-55.765834999999996,participation in ownership,0.0,23.1,0.0,0.0,0.0,0.0,0.0,0.0,37.0,0.0,0.0
United States,USA,US,37.09024,-95.712891,participation in ownership,0.0,0.0,0.0,0.0,0.0,0.0,0.0,0.0,0.0,0.0,0.0
Uzbekistan,UZB,UZ,41.377491,64.585262,participation in ownership,0.0,0.0,0.0,0.0,29.0,0.0,0.0,0.0,0.0,0.0,25.9
British Virgin Islands,VGB,VG,18.420695000000002,-64.63996800000001,participation in ownership,0.0,0.0,0.0,0.0,0.0,0.0,0.0,0.0,0.0,0.0,0.0
Vietnam,VNM,VN,14.058323999999999,108.277199,participation in ownership,59.2,0.0,0.0,0.0,0.0,0.0,51.1,0.0,0.0,0.0,0.0
Vanuatu,VUT,VU,-15.376706,166.959158,participation in ownership,51.4,0.0,0.0,0.0,0.0,0.0,0.0,0.0,0.0,0.0,0.0
Samoa,WSM,WS,-13.759029,-172.10462900000002,participation in ownership,79.8,0.0,0.0,0.0,0.0,0.0,0.0,0.0,0.0,0.0,0.0
Kosovo,XKX,XK,42.602636,20.902977,participation in ownership,10.9,0.0,0.0,0.0,13.2,0.0,0.0,0.0,0.0,0.0,7.3
South Africa,ZAF,ZA,-30.559482,22.937506,participation in ownership,0.0,0.0,0.0,0.0,0.0,0.0,0.0,0.0,0.0,0.0,0.0
Zambia,ZMB,ZM,-13.133897,27.849332,participation in ownership,0.0,0.0,0.0,0.0,43.7,0.0,0.0,0.0,0.0,0.0,41.5
Zimbabwe,ZWE,ZW,-19.015438,29.154857,participation in ownership,0.0,0.0,56.2,0.0,0.0,0.0,0.0,42.5,0.0,0.0,0.0
Albania,ALB,AL,41.153332,20.168331,parliament,16.42857143,16.42857143,15.71428571,15.71428571,17.85714286,20.0,20.71428571,22.85714286,27.85714286,27.85714286,29.50819672
Algeria,DZA,DZ,28.033886,1.6596259999999998,parliament,7.712082262000001,7.712082262000001,7.9691516710000005,31.6017316,31.6017316,31.6017316,31.6017316,31.6017316,25.75757576,25.75757576,25.75757576
Andorra,AND,AD,42.546245,1.6015540000000001,parliament,35.71428571,35.71428571,50.0,50.0,50.0,50.0,39.28571429,32.14285714,32.14285714,32.14285714,46.42857143
Angola,AGO,AO,-11.202691999999999,17.873887,parliament,38.63636364,38.63636364,38.18181818,34.09090909,34.09090909,36.81818182,36.81818182,36.81818182,30.45454545,30.45454545,30.0
Antigua and Barbuda,ATG,AG,17.060816,-61.796428000000006,parliament,10.52631579,10.52631579,10.52631579,10.52631579,10.52631579,11.11111111,11.11111111,11.11111111,11.11111111,11.11111111,11.11111111
Armenia,ARM,AM,40.069099,45.038189,parliament,9.160305344,9.160305344,8.396946565,10.6870229,10.6870229,10.6870229,10.6870229,10.6870229,18.095238100000003,18.095238100000003,23.48484848
Australia,AUS,AU,-25.274398,133.775136,parliament,27.33333333,24.66666667,24.66666667,24.66666667,26.0,26.0,26.66666667,28.66666667,28.66666667,28.66666667,30.46357616
Austria,AUT,AT,47.516231,14.550072,parliament,27.86885246,27.86885246,27.86885246,27.86885246,33.33333333,32.24043716,30.6010929,30.6010929,34.42622951,34.42622951,39.3442623
Azerbaijan,AZE,AZ,40.143105,47.576927000000005,parliament,11.38211382,16.0,16.0,16.0,15.57377049,15.57377049,16.93548387,16.8,16.8,16.8,16.80672269
Bangladesh,BGD,BD,23.684994,90.35633100000001,parliament,18.55072464,18.55072464,19.71428571,19.71428571,19.71428571,19.82758621,20.0,20.0,20.28571429,20.28571429,20.63037249
Barbados,BRB,BB,13.193887,-59.543198,parliament,10.0,10.0,10.0,10.0,16.66666667,16.66666667,16.66666667,16.66666667,16.66666667,20.0,20.0
Belgium,BEL,BE,50.503887,4.469936,parliament,38.0,39.33333333,38.0,38.0,38.0,39.33333333,39.33333333,39.33333333,38.0,38.0,42.0
Belize,BLZ,BZ,17.189877,-88.49765,parliament,0.0,0.0,0.0,3.125,3.125,3.125,3.125,3.125,9.375,9.375,9.375
Benin,BEN,BJ,9.30769,2.315834,parliament,10.84337349,10.84337349,8.43373494,8.43373494,8.43373494,8.43373494,7.2289156629999995,7.2289156629999995,7.2289156629999995,7.2289156629999995,7.2289156629999995
Bhutan,BTN,BT,27.514162,90.433601,parliament,8.510638298,8.510638298,8.510638298,8.510638298,6.382978723,8.510638298,8.510638298,8.510638298,8.510638298,14.89361702,14.89361702
Bolivia,BOL,BO,-16.290154,-63.588653,parliament,22.30769231,25.38461539,25.38461539,25.38461539,25.38461539,53.07692308,53.07692308,53.07692308,53.07692308,53.07692308,53.07692308
Botswana,BWA,BW,-22.328474,24.684866,parliament,7.936507936,7.936507936,7.936507936,7.936507936,7.936507936,9.523809523999999,9.523809523999999,9.523809523999999,9.523809523999999,9.523809523999999,10.76923077
Brazil,BRA,BR,-14.235004,-51.92528,parliament,8.771929825,8.576998051,8.576998051,8.576998051,8.576998051,9.941520468,9.941520468,9.941520468,10.72124756,15.00974659,15.00974659
Bulgaria,BGR,BG,42.733883,25.48583,parliament,20.83333333,20.83333333,20.83333333,22.91666667,24.58333333,20.0,20.41666667,20.41666667,23.75,23.75,25.83333333
Burundi,BDI,BI,-3.3730559999999996,29.918885999999997,parliament,31.355932199999998,32.0754717,30.47619048,30.47619048,30.47619048,30.47619048,36.36363636,36.36363636,36.36363636,36.36363636,36.36363636
Cambodia,KHM,KH,12.565679,104.990963,parliament,21.13821138,21.13821138,20.32520325,20.32520325,20.32520325,20.32520325,20.32520325,20.32520325,20.32520325,20.0,20.0
Cameroon,CMR,CM,7.369722,12.354722,parliament,13.88888889,13.88888889,13.88888889,13.88888889,31.11111111,31.11111111,31.11111111,31.11111111,31.11111111,31.11111111,31.11111111
Canada,CAN,CA,56.130366,-106.34677099999999,parliament,22.07792208,22.07792208,24.75570033,24.67532468,24.67532468,25.08143322,26.03550296,26.03550296,26.26865672,26.94610778,28.99408284
Chad,TCD,TD,15.454166,18.732207,parliament,5.161290323,5.161290323,12.76595745,14.89361702,14.89361702,14.89361702,14.89361702,14.89361702,12.76595745,15.25423729,14.88095238
China,CHN,CN,35.86166,104.195397,parliament,21.3257449,21.3257449,21.32303559,21.32303559,23.40140609,23.40140609,23.62284556,23.62284556,24.24760602,24.89932886,24.94117647
Colombia,COL,CO,4.570868,-74.297333,parliament,8.43373494,12.65060241,12.12121212,12.12121212,12.12121212,19.87951807,19.87951807,19.87951807,18.6746988,18.12865497,18.71345029
Costa Rica,CRI,CR,9.748917,-83.753428,parliament,36.84210526,38.59649123,38.59649123,38.59649123,38.59649123,33.33333333,33.33333333,33.33333333,35.087719299999996,45.61403509,45.61403509
Croatia,HRV,HR,45.1,15.2,parliament,23.52941177,23.52941177,23.8410596,23.8410596,23.8410596,23.8410596,15.23178808,12.58278146,18.54304636,18.54304636,20.52980133
Cuba,CUB,CU,21.521757,-77.78116700000001,parliament,43.15960912,43.15960912,45.221843,45.221843,48.85620915,48.85620915,48.85620915,48.85620915,48.85620915,53.2231405,53.2231405
Cyprus,CYP,CY,35.126413,33.429859,parliament,12.5,12.5,10.71428571,10.71428571,10.71428571,12.5,12.5,17.85714286,17.85714286,17.85714286,17.85714286
Czech Republic,CZE,CZ,49.817492,15.472961999999999,parliament,15.5,22.0,22.0,22.0,19.5,19.5,20.0,20.0,22.0,22.0,22.5
Denmark,DNK,DK,56.26392,9.501785,parliament,37.98882682,37.98882682,39.10614525,39.10614525,39.10614525,39.10614525,37.430167600000004,37.430167600000004,37.430167600000004,37.430167600000004,39.10614525
Djibouti,DJI,DJ,11.825138,42.590275,parliament,13.84615385,13.84615385,13.84615385,13.84615385,12.72727273,12.72727273,12.72727273,12.72727273,10.76923077,26.15384615,26.15384615
Dominica,DMA,DM,15.414999,-61.370976,parliament,14.28571429,12.5,12.5,12.5,12.5,12.90322581,21.875,21.875,25.0,25.0,25.0
Dominican Republic,DOM,DO,18.735692999999998,-70.162651,parliament,19.66292135,20.76502732,20.76502732,20.76502732,20.76502732,20.76502732,20.76502732,26.84210526,26.84210526,26.84210526,26.84210526
Ecuador,ECU,EC,-1.8312389999999998,-78.183406,parliament,32.25806452,32.25806452,32.25806452,32.25806452,38.68613139,41.60583942,41.60583942,41.60583942,37.95620438,37.95620438,37.95620438
El Salvador,SLV,SV,13.794185,-88.89653,parliament,19.04761905,19.04761905,19.04761905,26.19047619,26.19047619,27.38095238,32.14285714,32.14285714,32.14285714,30.95238095,30.95238095
Eritrea,ERI,ER,15.179383999999999,39.782334000000006,parliament,22.0,22.0,22.0,22.0,22.0,22.0,22.0,22.0,22.0,22.0,22.0
Estonia,EST,EE,58.595271999999994,25.013607,parliament,22.77227723,22.77227723,19.8019802,20.79207921,20.79207921,19.0,23.76237624,23.76237624,26.73267327,26.73267327,29.702970299999997
Ethiopia,ETH,ET,9.145,40.489672999999996,parliament,21.92816635,27.78793419,27.78793419,27.78793419,27.78793419,27.78793419,38.75685558,38.75685558,38.75685558,38.75685558,38.75685558
Finland,FIN,FI,61.92411,25.748151,parliament,40.0,40.0,42.5,42.5,42.5,42.5,41.5,41.5,42.0,42.0,47.0
France,FRA,FR,46.227638,2.213749,parliament,18.89081456,18.89081456,18.89081456,26.86308492,26.86308492,26.16984402,26.16984402,26.16984402,38.99480069,39.58333333,39.68804159
Georgia,GEO,GE,42.315407,43.356891999999995,parliament,5.109489051000001,6.52173913,6.569343066,12.0,12.0,12.0,11.33333333,16.0,16.0,16.0,14.76510067
Germany,DEU,DE,51.165690999999995,10.451526,parliament,32.79742765,32.79742765,32.90322581,32.90322581,36.45007924,36.45007924,36.45007924,36.45007924,30.74753174,30.74753174,30.88857546
Greece,GRC,GR,39.074208,21.824312,parliament,17.33333333,17.33333333,18.66666667,21.0,21.0,21.0,19.66666667,19.66666667,18.33333333,18.66666667,20.66666667
Grenada,GRD,GD,12.262775999999999,-61.604170999999994,parliament,13.33333333,13.33333333,13.33333333,13.33333333,33.33333333,33.33333333,33.33333333,33.33333333,33.33333333,46.66666667,46.66666667
Guatemala,GTM,GT,15.783470999999999,-90.23075899999999,parliament,12.02531646,12.02531646,13.29113924,13.29113924,13.29113924,13.29113924,13.92405063,13.92405063,12.65822785,12.65822785,19.375
Guinea-Bissau,GNB,GW,11.803749,-15.180413,parliament,10.0,10.0,10.0,14.0,14.0,13.7254902,13.7254902,13.7254902,13.7254902,13.7254902,13.7254902
Guyana,GUY,GY,4.860416000000001,-58.93018000000001,parliament,30.0,30.0,31.34328358,31.34328358,31.34328358,31.34328358,30.43478261,30.43478261,31.88405797,31.88405797,31.88405797
Haiti,HTI,HT,18.971187,-72.28521500000001,parliament,4.081632653,11.11111111,4.210526316,4.210526316,4.210526316,4.210526316,4.210526316,0.0,2.542372881,2.542372881,2.542372881
Hungary,HUN,HU,47.162494,19.503304,parliament,11.13989637,9.067357513,8.808290155,8.808290155,8.808290155,10.05025126,10.1010101,10.1010101,10.05025126,12.56281407,12.56281407
Iceland,ISL,IS,64.96305100000001,-19.020835,parliament,42.85714286,42.85714286,39.68253968,39.68253968,39.68253968,39.68253968,41.26984127,47.61904762,38.095238099999996,38.095238099999996,38.095238099999996
India,IND,IN,20.593684,78.96288,parliament,10.82568807,10.82568807,11.00917431,11.00917431,11.00917431,11.41804788,11.97053407,11.97053407,11.80811808,11.80811808,14.39114391
Indonesia,IDN,ID,-0.789275,113.921327,parliament,17.85714286,18.03571429,18.21428571,18.57142857,18.57142857,16.93693694,17.11711712,17.11711712,19.82142857,19.82142857,17.39130435
Iraq,IRQ,IQ,33.223191,43.679291,parliament,25.45454545,25.23076923,25.23076923,25.23076923,25.23076923,25.30487805,26.52439024,26.52439024,25.30487805,25.22796353,25.22796353
Ireland,IRL,IE,53.41291,-8.243889999999999,parliament,13.93939394,13.93939394,15.06024096,15.06024096,15.6626506,15.6626506,16.26506024,22.15189873,22.15189873,22.15189873,22.15189873
Israel,ISR,IL,31.046051000000002,34.851612,parliament,18.33333333,19.16666667,20.0,20.0,22.5,22.5,26.66666667,26.66666667,27.5,27.5,23.33333333
Italy,ITA,IT,41.87194,12.56738,parliament,21.26984127,21.26984127,21.58730159,21.42857143,31.42857143,31.42857143,30.95238095,30.95238095,30.95238095,35.71428571,35.71428571
Jamaica,JAM,JM,18.109581,-77.297508,parliament,13.33333333,13.33333333,12.698412699999999,12.698412699999999,12.698412699999999,12.698412699999999,12.698412699999999,17.46031746,17.46031746,17.46031746,17.46031746
Japan,JPN,JP,36.204824,138.252924,parliament,11.25,11.25,10.83333333,7.916666667,8.125,8.125,9.473684211,9.473684211,10.10752688,10.10752688,10.10752688
Jordan,JOR,JO,30.585164000000002,36.238414,parliament,6.3636363639999995,10.83333333,10.83333333,10.83333333,12.16216216,12.0,12.0,15.38461539,15.38461539,15.38461539,15.38461539
Kazakhstan,KAZ,KZ,48.019573,66.923684,parliament,17.75700935,17.75700935,17.75700935,24.29906542,24.29906542,25.2173913,26.168224300000002,27.10280374,27.10280374,27.10280374,27.10280374
Kenya,KEN,KE,-0.023559,37.906193,parliament,9.821428571,9.821428571,9.821428571,9.821428571,18.57142857,19.14285714,19.71428571,19.71428571,21.7765043,21.7765043,21.7765043
Kiribati,KIR,KI,-3.3704169999999998,-168.734039,parliament,4.347826087,4.347826087,8.695652174,8.695652174,8.695652174,8.695652174,8.695652174,6.52173913,6.52173913,6.52173913,6.52173913
Kuwait,KWT,KW,29.311659999999996,47.481766,parliament,7.692307692000001,7.692307692000001,7.692307692000001,6.153846154,6.153846154,1.538461539,1.538461539,2.0,3.076923077,3.076923077,4.615384615
Latvia,LVA,LV,56.879635,24.603189,parliament,22.0,20.0,23.0,23.0,23.0,18.0,18.0,18.0,16.0,31.0,30.0
Lebanon,LBN,LB,33.854721000000005,35.862285,parliament,3.125,3.125,3.125,3.125,3.125,3.125,3.125,3.125,3.125,4.6875,4.6875
Lesotho,LSO,LS,-29.609988,28.233608,parliament,24.16666667,24.16666667,24.16666667,26.66666667,26.66666667,26.66666667,25.0,25.0,22.13114754,22.13114754,23.33333333
Liberia,LBR,LR,6.4280550000000005,-9.429499,parliament,12.5,12.5,9.589041096,10.95890411,10.95890411,10.95890411,10.95890411,10.95890411,9.85915493,12.32876712,12.32876712
Liechtenstein,LIE,LI,47.166000000000004,9.555373,parliament,24.0,24.0,24.0,24.0,20.0,20.0,20.0,20.0,12.0,12.0,12.0
Lithuania,LTU,LT,55.169438,23.881275,parliament,19.14893617,19.14893617,19.14893617,24.46043166,24.11347518,24.11347518,23.40425532,21.27659575,21.27659575,21.27659575,21.27659575
Luxembourg,LUX,LU,49.815273,6.129583,parliament,20.0,20.0,25.0,21.66666667,28.33333333,28.33333333,28.33333333,28.33333333,28.33333333,20.0,25.0
Malawi,MWI,MW,-13.254307999999998,34.301525,parliament,20.83333333,20.83333333,22.27979275,22.27979275,22.27979275,16.66666667,16.66666667,16.66666667,16.66666667,16.66666667,22.91666667
Malaysia,MYS,MY,4.210483999999999,101.97576600000001,parliament,9.90990991,9.90990991,10.40723982,10.40723982,10.36036036,10.36036036,10.36036036,10.36036036,10.36036036,13.90134529,14.41441441
Maldives,MDV,MV,3.202778,73.22068,parliament,6.493506493,6.493506493,6.493506493,6.493506493,6.493506493,5.882352941000001,5.882352941000001,5.882352941000001,5.882352941000001,5.882352941000001,4.597701149
Malta,MLT,MT,35.937496,14.375416,parliament,8.695652174,8.695652174,8.695652174,8.695652174,14.28571429,14.28571429,12.85714286,12.85714286,11.94029851,11.94029851,14.92537313
Marshall Islands,MHL,MH,7.131474000000001,171.184478,parliament,3.03030303,3.03030303,3.03030303,3.03030303,3.03030303,3.03030303,9.090909091,9.090909091,9.090909091,9.090909091,6.0606060610000005
Mauritius,MUS,MU,-20.348404000000002,57.552152,parliament,17.14285714,18.84057971,18.84057971,18.84057971,18.84057971,18.84057971,11.5942029,11.5942029,11.5942029,11.5942029,20.0
Mexico,MEX,MX,23.634501,-102.552784,parliament,27.6,26.2,26.2,36.8,36.8,37.4,42.36947791,42.4,42.6,48.2,48.2
Moldova,MDA,MD,47.411631,28.369884999999996,parliament,23.76237624,18.81188119,19.8019802,19.8019802,19.8019802,17.82178218,21.78217822,21.78217822,22.77227723,22.77227723,25.74257426
Monaco,MCO,MC,43.750298,7.412841,parliament,26.08695652,26.08695652,19.04761905,19.04761905,20.83333333,20.83333333,20.83333333,20.83333333,20.83333333,33.33333333,33.33333333
Mongolia,MNG,MN,46.862496,103.84665600000001,parliament,3.947368421,3.947368421,3.947368421,14.86486487,14.86486487,14.86486487,14.47368421,17.10526316,17.10526316,17.10526316,17.33333333
Morocco,MAR,MA,31.791702,-7.09262,parliament,10.46153846,10.46153846,16.96202532,16.96202532,16.96202532,16.96202532,16.96202532,20.50632911,20.50632911,20.50632911,20.50632911
Nauru,NRU,NR,-0.522778,166.931503,parliament,0.0,0.0,0.0,0.0,5.263157895,5.263157895,5.263157895,5.263157895,10.52631579,10.52631579,10.52631579
Netherlands,NLD,NL,52.132633,5.291266,parliament,42.0,40.66666667,40.66666667,38.66666667,38.66666667,38.66666667,37.33333333,37.33333333,36.0,36.0,31.33333333
New Zealand,NZL,NZ,-40.900557,174.88597099999998,parliament,33.60655738,33.60655738,32.23140496,32.23140496,32.23140496,29.75206612,31.40495868,31.40495868,38.33333333,38.33333333,40.83333333
Nicaragua,NIC,NI,12.865416,-85.207229,parliament,20.65217391,20.65217391,40.217391299999996,40.217391299999996,40.217391299999996,42.39130435,41.30434783,45.65217391,45.65217391,45.65217391,44.56521739
Nigeria,NGA,NG,9.081999,8.675277000000001,parliament,6.983240223999999,6.983240223999999,6.818181817999999,6.666666667,6.666666667,6.666666667,5.555555556,5.555555556,5.555555556,5.555555556,3.38028169
Norway,NOR,NO,60.472024,8.468946,parliament,39.64497041,39.64497041,39.64497041,39.64497041,39.64497041,39.64497041,39.64497041,39.64497041,41.42011834,41.42011834,40.82840237
Pakistan,PAK,PK,30.375321000000003,69.345116,parliament,22.22222222,22.22222222,22.51461988,22.51461988,20.74303406,20.74303406,20.58823529,20.58823529,20.58823529,20.23460411,20.23460411
Palau,PLW,PW,7.51498,134.58252,parliament,0.0,0.0,0.0,0.0,0.0,0.0,0.0,12.5,12.5,12.5,12.5
Panama,PAN,PA,8.537981,-80.782127,parliament,8.450704225,8.450704225,8.450704225,8.450704225,8.450704225,19.29824561,18.30985916,18.30985916,18.30985916,18.30985916,21.12676056
Papua New Guinea,PNG,PG,-6.314993,143.95555,parliament,0.917431193,0.917431193,0.917431193,2.702702703,2.702702703,2.702702703,2.702702703,2.702702703,0.0,0.0,0.0
Paraguay,PRY,PY,-23.442503,-58.44383199999999,parliament,12.5,12.5,12.5,12.5,17.5,15.0,15.0,15.0,13.75,15.0,15.0
Peru,PER,PE,-9.189967,-75.015152,parliament,27.5,27.5,21.53846154,21.53846154,21.53846154,22.30769231,22.30769231,27.69230769,27.69230769,27.69230769,30.0
Philippines,PHL,PH,12.879721,121.77401699999999,parliament,20.97378277,22.14285714,22.88732394,22.88732394,27.33564014,27.33564014,27.24137931,29.79452055,29.452054800000003,29.452054800000003,27.96052632
Poland,POL,PL,51.919438,19.145135999999997,parliament,20.0,20.0,23.69565217,23.69565217,23.69565217,24.34782609,27.39130435,27.39130435,28.04347826,28.04347826,28.69565217
Portugal,PRT,PT,39.399871999999995,-8.224454,parliament,27.39130435,27.39130435,28.69565217,28.69565217,31.30434783,31.30434783,34.782608700000004,34.782608700000004,34.782608700000004,34.782608700000004,38.69565217
Romania,ROU,RO,45.943160999999996,24.96676,parliament,11.37724551,11.37724551,11.21212121,13.34951456,13.34951456,13.51351351,13.71571072,13.71571072,20.66869301,20.66869301,21.88449848
Rwanda,RWA,RW,-1.940278,29.873888,parliament,56.25,56.25,56.25,56.25,63.75,63.75,63.75,63.75,61.25,61.25,61.25
Samoa,WSM,WS,-13.759029,-172.10462900000002,parliament,8.163265306,8.163265306,4.081632653,4.081632653,4.081632653,6.12244898,6.12244898,10.0,10.0,10.0,10.0
San Marino,SMR,SM,43.94236,12.457777,parliament,16.66666667,16.66666667,18.33333333,16.66666667,18.33333333,18.33333333,16.66666667,23.33333333,26.66666667,26.66666667,25.0
Senegal,SEN,SN,14.497401000000002,-14.452361999999999,parliament,22.66666667,22.66666667,22.66666667,42.66666667,42.66666667,43.33333333,42.66666667,42.66666667,41.81818182,41.81818182,41.81818182
Seychelles,SYC,SC,-4.679574,55.491977,parliament,23.52941177,23.52941177,43.75,43.75,43.75,43.75,43.75,21.21212121,21.21212121,21.21212121,21.21212121
Sierra Leone,SLE,SL,8.460555000000001,-11.779889,parliament,13.2231405,13.2231405,12.90322581,12.39669422,12.39669422,12.09677419,12.39669422,12.39669422,12.39669422,12.32876712,12.32876712
Singapore,SGP,SG,1.352083,103.819836,parliament,23.40425532,23.40425532,22.22222222,24.24242424,24.24242424,25.25252525,23.91304348,23.76237624,23.0,23.0,23.0
Slovenia,SVN,SI,46.151241,14.995463,parliament,14.44444444,14.44444444,32.22222222,32.22222222,32.22222222,35.55555556,36.66666667,36.66666667,36.66666667,24.44444444,27.77777778
Solomon Islands,SLB,SB,-9.645710000000001,160.156194,parliament,0.0,0.0,0.0,2.0,2.0,2.0,2.0,2.0,2.0,2.040816327,4.081632653
South Africa,ZAF,ZA,-30.559482,22.937506,parliament,44.5,44.5,42.25,42.25,42.25,41.5,42.0,42.0,41.83673469,42.7480916,46.34760705
Spain,ESP,ES,40.463667,-3.7492199999999998,parliament,36.57142857,36.57142857,36.0,36.0,36.0,39.71428571,41.14285714,39.14285714,39.14285714,39.14285714,44.0
Sri Lanka,LKA,LK,7.873054,80.77179699999999,parliament,5.777777778,5.333333333,5.777777778,5.777777778,5.777777778,5.777777778,4.8888888889999995,5.777777778,5.777777778,5.777777778,5.333333333
Suriname,SUR,SR,3.9193050000000005,-56.02778299999999,parliament,25.49019608,9.803921569,11.76470588,11.76470588,11.76470588,11.76470588,25.49019608,25.49019608,25.49019608,25.49019608,31.37254902
Sweden,SWE,SE,60.128161,18.643501,parliament,46.41833811,44.98567335,44.6991404,44.6991404,44.98567335,44.6991404,43.5530086,43.5530086,43.5530086,46.13180516,47.27793696
Switzerland,CHE,CH,46.818188,8.227511999999999,parliament,29.0,29.0,28.5,29.0,31.0,31.0,32.0,32.0,32.5,32.5,41.5
Tajikistan,TJK,TJ,38.861034000000004,71.276093,parliament,17.46031746,19.04761905,19.04761905,19.04761905,19.04761905,16.94915254,19.04761905,19.04761905,19.04761905,19.04761905,19.04761905
Thailand,THA,TH,15.870032,100.992541,parliament,13.3192389,13.3192389,15.8,15.8,15.8,6.0913705579999995,6.0913705579999995,6.0913705579999995,4.8,5.284552845,16.2
Togo,TGO,TG,8.619543,0.824782,parliament,11.11111111,11.11111111,11.11111111,11.11111111,15.38461539,17.58241758,17.58241758,17.58241758,17.58241758,17.58241758,16.48351648
Tonga,TON,TO,-21.178986,-175.198242,parliament,3.125,0.0,3.571428571,3.571428571,3.571428571,0.0,0.0,0.0,7.692307692000001,7.407407407000001,7.407407407000001
Trinidad and Tobago,TTO,TT,10.691803,-61.222503,parliament,26.82926829,28.57142857,28.57142857,28.57142857,28.57142857,28.57142857,30.95238095,30.95238095,30.95238095,30.95238095,30.95238095
Tunisia,TUN,TN,33.886917,9.537499,parliament,27.57009346,27.57009346,26.728110600000004,26.728110600000004,26.728110600000004,31.33640553,31.33640553,31.33640553,31.33640553,31.33640553,22.58064516
Turkey,TUR,TR,38.963745,35.243322,parliament,9.107468124,9.107468124,14.18181818,14.18181818,14.41605839,14.41605839,14.90909091,14.90909091,14.571948999999998,17.44966443,17.44966443
Turkmenistan,TKM,TM,38.969719,59.556278000000006,parliament,16.8,16.8,16.8,16.8,16.8,26.4,25.80645161,25.80645161,25.80645161,24.8,25.0
Tuvalu,TUV,TV,-7.109535,177.64933,parliament,0.0,0.0,6.666666667,6.666666667,6.666666667,6.666666667,6.666666667,6.666666667,6.666666667,6.666666667,6.25
Uganda,UGA,UG,1.373333,32.290275,parliament,31.48148148,31.28834356,34.97409326,34.97409326,34.97409326,34.97409326,34.97409326,33.48946136,34.29844098,34.29844098,34.858387799999996
Ukraine,UKR,UA,48.379433,31.16558,parliament,8.0,8.0,8.0,9.438202247000001,9.438202247000001,11.66666667,12.08530806,12.01923077,12.29314421,12.29314421,20.51886793
United Arab Emirates,ARE,AE,23.424076,53.847818000000004,parliament,22.5,22.5,17.5,17.5,17.5,17.5,22.5,22.5,22.5,22.5,50.0
United Kingdom,GBR,GB,55.378051,-3.435973,parliament,19.50464396,22.0,22.30769231,22.46153846,22.46153846,22.61538461,29.38461539,29.58397535,32.0,32.15384615,32.0
United States,USA,US,37.09024,-95.712891,parliament,16.78160919,16.78160919,16.820276500000002,17.97235023,17.82407407,19.31034483,19.35483871,19.16859122,19.35483871,23.50230415,23.43387471
Uruguay,URY,UY,-32.522779,-55.765834999999996,parliament,14.14141414,15.15151515,12.12121212,12.12121212,12.12121212,13.13131313,16.16161616,16.16161616,20.2020202,20.2020202,19.19191919
Uzbekistan,UZB,UZ,41.377491,64.585262,parliament,22.0,22.0,22.0,22.0,22.0,22.0,16.0,16.0,16.0,16.0,16.0
Vanuatu,VUT,VU,-15.376706,166.959158,parliament,3.8461538460000004,3.8461538460000004,1.9230769230000002,0.0,0.0,0.0,0.0,0.0,0.0,0.0,0.0
Vietnam,VNM,VN,14.058323999999999,108.277199,parliament,25.76064909,25.76064909,24.4,24.4,24.4,24.29718876,24.29718876,26.72064777,26.72064777,26.72064777,26.72064777
Zambia,ZMB,ZM,-13.133897,27.849332,parliament,14.01273885,14.01273885,11.46496815,11.46496815,11.46496815,10.75949367,12.65822785,17.96407186,17.96407186,17.96407186,17.96407186
Zimbabwe,ZWE,ZW,-19.015438,29.154857,parliament,14.95327103,14.95327103,14.95327103,14.95327103,31.48148148,31.48148148,31.48148148,31.48148148,32.57575758,31.48148148,31.85185185
